year,cell,flow,doxx,bodx,nh4x,no3x,orgn,orgp,po4x,totn,totp,tssx
1991,    92, 0.921E+01, 0.411E+04, 0.239E+05, 0.920E+04, 0.221E+04, 0.256E+04, 0.572E+03, 0.233E+04, 0.140E+05, 0.290E+04, 0.313E+05
1992,    92, 0.905E+01, 0.405E+04, 0.192E+05, 0.899E+04, 0.221E+04, 0.247E+04, 0.564E+03, 0.229E+04, 0.137E+05, 0.285E+04, 0.197E+05
1993,    92, 0.963E+01, 0.430E+04, 0.214E+05, 0.969E+04, 0.227E+04, 0.266E+04, 0.589E+03, 0.242E+04, 0.146E+05, 0.301E+04, 0.232E+05
1994,    92, 0.105E+02, 0.466E+04, 0.253E+05, 0.107E+05, 0.237E+04, 0.291E+04, 0.625E+03, 0.261E+04, 0.160E+05, 0.323E+04, 0.295E+05
1995,    92, 0.103E+02, 0.511E+04, 0.284E+05, 0.102E+05, 0.247E+04, 0.234E+04, 0.602E+03, 0.248E+04, 0.150E+05, 0.308E+04, 0.392E+05
1996,    92, 0.133E+02, 0.111E+05, 0.338E+05, 0.141E+05, 0.269E+04, 0.386E+04, 0.749E+03, 0.326E+04, 0.206E+05, 0.401E+04, 0.434E+05
1997,    92, 0.144E+02, 0.916E+04, 0.334E+05, 0.143E+05, 0.269E+04, 0.395E+04, 0.994E+03, 0.372E+04, 0.209E+05, 0.472E+04, 0.407E+05
1998,    92, 0.164E+02, 0.913E+04, 0.316E+05, 0.150E+05, 0.299E+04, 0.500E+04, 0.127E+04, 0.433E+04, 0.230E+05, 0.561E+04, 0.369E+05
1999,    92, 0.183E+02, 0.931E+04, 0.408E+05, 0.146E+05, 0.215E+04, 0.433E+04, 0.135E+04, 0.473E+04, 0.211E+05, 0.608E+04, 0.494E+05
2000,    92, 0.153E+02, 0.890E+04, 0.188E+05, 0.654E+04, 0.637E+04, 0.398E+04, 0.119E+04, 0.329E+04, 0.169E+05, 0.448E+04, 0.133E+05
1991,    61, 0.252E+03, 0.999E+05, 0.221E+06, 0.297E+06, 0.145E+06, 0.574E+05, 0.502E+04, 0.148E+05, 0.500E+06, 0.199E+05, 0.223E+06
1992,    61, 0.251E+03, 0.169E+06, 0.213E+06, 0.336E+06, 0.115E+06, 0.700E+05, 0.477E+04, 0.147E+05, 0.521E+06, 0.195E+05, 0.254E+06
1993,    61, 0.283E+03, 0.185E+06, 0.244E+06, 0.353E+06, 0.912E+05, 0.754E+05, 0.590E+04, 0.150E+05, 0.520E+06, 0.209E+05, 0.286E+06
1994,    61, 0.298E+03, 0.205E+06, 0.267E+06, 0.321E+06, 0.127E+06, 0.576E+05, 0.583E+04, 0.201E+05, 0.506E+06, 0.259E+05, 0.286E+06
1995,    61, 0.283E+03, 0.209E+06, 0.220E+06, 0.379E+06, 0.135E+06, 0.684E+05, 0.471E+04, 0.199E+05, 0.583E+06, 0.246E+05, 0.262E+06
1996,    61, 0.331E+03, 0.255E+06, 0.196E+06, 0.331E+06, 0.147E+06, 0.776E+05, 0.482E+04, 0.262E+05, 0.555E+06, 0.310E+05, 0.334E+06
1997,    61, 0.297E+03, 0.219E+06, 0.203E+06, 0.325E+06, 0.138E+06, 0.481E+05, 0.574E+04, 0.196E+05, 0.510E+06, 0.253E+05, 0.267E+06
1998,    61, 0.309E+03, 0.207E+06, 0.200E+06, 0.297E+06, 0.924E+05, 0.612E+05, 0.607E+04, 0.221E+05, 0.451E+06, 0.282E+05, 0.258E+06
1999,    61, 0.318E+03, 0.194E+06, 0.180E+06, 0.176E+06, 0.152E+06, 0.506E+05, 0.671E+04, 0.162E+05, 0.379E+06, 0.229E+05, 0.239E+06
2000,    61, 0.330E+03, 0.198E+06, 0.170E+06, 0.109E+06, 0.177E+06, 0.477E+05, 0.135E+05, 0.157E+05, 0.333E+06, 0.293E+05, 0.261E+06
1991,    86, 0.578E+02, 0.449E+06, 0.153E+06, 0.597E+05, 0.882E+05, 0.188E+05, 0.604E+04, 0.194E+05, 0.167E+06, 0.255E+05, 0.730E+06
1992,    86, 0.534E+02, 0.493E+06, 0.155E+06, 0.516E+05, 0.111E+06, 0.168E+05, 0.247E+04, 0.145E+05, 0.179E+06, 0.170E+05, 0.782E+06
1993,    86, 0.562E+02, 0.557E+06, 0.173E+06, 0.538E+05, 0.127E+06, 0.165E+05, 0.290E+04, 0.162E+05, 0.197E+06, 0.191E+05, 0.867E+06
1994,    86, 0.633E+02, 0.486E+06, 0.156E+06, 0.607E+05, 0.107E+06, 0.230E+05, 0.344E+04, 0.162E+05, 0.190E+06, 0.197E+05, 0.770E+06
1995,    86, 0.551E+02, 0.538E+06, 0.150E+06, 0.460E+05, 0.126E+06, 0.215E+05, 0.261E+04, 0.165E+05, 0.193E+06, 0.191E+05, 0.826E+06
1996,    86, 0.684E+02, 0.471E+06, 0.166E+06, 0.516E+05, 0.118E+06, 0.276E+05, 0.502E+04, 0.178E+05, 0.197E+06, 0.229E+05, 0.803E+06
1997,    86, 0.557E+02, 0.503E+06, 0.157E+06, 0.454E+05, 0.120E+06, 0.222E+05, 0.488E+04, 0.187E+05, 0.187E+06, 0.236E+05, 0.794E+06
1998,    86, 0.641E+02, 0.562E+06, 0.169E+06, 0.318E+05, 0.127E+06, 0.260E+05, 0.418E+04, 0.176E+05, 0.184E+06, 0.218E+05, 0.902E+06
1999,    86, 0.665E+02, 0.475E+06, 0.167E+06, 0.266E+05, 0.116E+06, 0.233E+05, 0.490E+04, 0.169E+05, 0.166E+06, 0.218E+05, 0.978E+06
2000,    86, 0.705E+02, 0.503E+06, 0.167E+06, 0.296E+05, 0.118E+06, 0.253E+05, 0.622E+04, 0.190E+05, 0.173E+06, 0.252E+05, 0.838E+06
1991,    34, 0.737E+04, 0.422E+07, 0.164E+07, 0.293E+07, 0.664E+07, 0.926E+06, 0.383E+05, 0.685E+05, 0.105E+08, 0.107E+06, 0.594E+07
1992,    34, 0.744E+04, 0.450E+07, 0.195E+07, 0.283E+07, 0.672E+07, 0.838E+06, 0.458E+05, 0.691E+05, 0.104E+08, 0.115E+06, 0.668E+07
1993,    34, 0.794E+04, 0.474E+07, 0.207E+07, 0.267E+07, 0.637E+07, 0.837E+06, 0.404E+05, 0.614E+05, 0.988E+07, 0.102E+06, 0.685E+07
1994,    34, 0.803E+04, 0.508E+07, 0.226E+07, 0.320E+07, 0.544E+07, 0.975E+06, 0.741E+05, 0.563E+05, 0.961E+07, 0.130E+06, 0.791E+07
1995,    34, 0.770E+04, 0.517E+07, 0.194E+07, 0.254E+07, 0.624E+07, 0.862E+06, 0.363E+05, 0.623E+05, 0.965E+07, 0.986E+05, 0.678E+07
1996,    34, 0.852E+04, 0.515E+07, 0.239E+07, 0.302E+07, 0.505E+07, 0.102E+07, 0.538E+05, 0.741E+05, 0.909E+07, 0.128E+06, 0.857E+07
1997,    34, 0.800E+04, 0.466E+07, 0.190E+07, 0.240E+07, 0.466E+07, 0.954E+06, 0.303E+05, 0.598E+05, 0.801E+07, 0.900E+05, 0.624E+07
1998,    34, 0.811E+04, 0.437E+07, 0.224E+07, 0.203E+07, 0.492E+07, 0.889E+06, 0.398E+05, 0.718E+05, 0.783E+07, 0.112E+06, 0.633E+07
1999,    34, 0.766E+04, 0.316E+07, 0.187E+07, 0.238E+07, 0.554E+07, 0.926E+06, 0.489E+05, 0.786E+05, 0.885E+07, 0.127E+06, 0.407E+07
2000,    34, 0.794E+04, 0.358E+07, 0.219E+07, 0.282E+07, 0.408E+07, 0.107E+07, 0.520E+05, 0.607E+05, 0.797E+07, 0.113E+06, 0.339E+07
1991,    64, 0.479E+04, 0.215E+07, 0.382E+07, 0.289E+07, 0.223E+07, 0.797E+06, 0.961E+05, 0.161E+06, 0.592E+07, 0.258E+06, 0.651E+07
1992,    64, 0.466E+04, 0.310E+07, 0.326E+07, 0.223E+07, 0.249E+07, 0.477E+06, 0.941E+05, 0.142E+06, 0.520E+07, 0.236E+06, 0.392E+07
1993,    64, 0.479E+04, 0.296E+07, 0.455E+07, 0.205E+07, 0.240E+07, 0.605E+06, 0.101E+06, 0.978E+05, 0.506E+07, 0.199E+06, 0.533E+07
1994,    64, 0.472E+04, 0.311E+07, 0.367E+07, 0.216E+07, 0.202E+07, 0.648E+06, 0.940E+05, 0.881E+05, 0.483E+07, 0.182E+06, 0.555E+07
1995,    64, 0.432E+04, 0.290E+07, 0.347E+07, 0.202E+07, 0.205E+07, 0.577E+06, 0.880E+05, 0.103E+06, 0.464E+07, 0.191E+06, 0.514E+07
1996,    64, 0.479E+04, 0.326E+07, 0.363E+07, 0.162E+07, 0.252E+07, 0.785E+06, 0.911E+05, 0.889E+05, 0.493E+07, 0.180E+06, 0.628E+07
1997,    64, 0.431E+04, 0.268E+07, 0.251E+07, 0.167E+07, 0.189E+07, 0.802E+06, 0.514E+05, 0.930E+05, 0.436E+07, 0.144E+06, 0.453E+07
1998,    64, 0.432E+04, 0.241E+07, 0.235E+07, 0.178E+07, 0.177E+07, 0.731E+06, 0.481E+05, 0.101E+06, 0.428E+07, 0.149E+06, 0.300E+07
1999,    64, 0.413E+04, 0.229E+07, 0.230E+07, 0.139E+07, 0.193E+07, 0.847E+06, 0.403E+05, 0.878E+05, 0.416E+07, 0.128E+06, 0.234E+07
2000,    64, 0.424E+04, 0.241E+07, 0.224E+07, 0.151E+07, 0.170E+07, 0.702E+06, 0.466E+05, 0.105E+06, 0.392E+07, 0.151E+06, 0.224E+07
1991,    63, 0.000E+00, 0.000E+00, 0.000E+00, 0.000E+00, 0.000E+00, 0.000E+00, 0.000E+00, 0.000E+00, 0.000E+00, 0.000E+00, 0.000E+00
1992,    63, 0.000E+00, 0.000E+00, 0.000E+00, 0.000E+00, 0.000E+00, 0.000E+00, 0.000E+00, 0.000E+00, 0.000E+00, 0.000E+00, 0.000E+00
1993,    63, 0.000E+00, 0.000E+00, 0.000E+00, 0.000E+00, 0.000E+00, 0.000E+00, 0.000E+00, 0.000E+00, 0.000E+00, 0.000E+00, 0.000E+00
1994,    63, 0.000E+00, 0.000E+00, 0.000E+00, 0.000E+00, 0.000E+00, 0.000E+00, 0.000E+00, 0.000E+00, 0.000E+00, 0.000E+00, 0.000E+00
1995,    63, 0.000E+00, 0.000E+00, 0.000E+00, 0.000E+00, 0.000E+00, 0.000E+00, 0.000E+00, 0.000E+00, 0.000E+00, 0.000E+00, 0.000E+00
1996,    63, 0.000E+00, 0.000E+00, 0.000E+00, 0.000E+00, 0.000E+00, 0.000E+00, 0.000E+00, 0.000E+00, 0.000E+00, 0.000E+00, 0.000E+00
1997,    63, 0.192E+01, 0.994E+03, 0.497E+04, 0.149E+04, 0.557E+02, 0.316E+03, 0.288E+03, 0.706E+03, 0.186E+04, 0.994E+03, 0.249E+04
1998,    63, 0.381E+01, 0.197E+04, 0.986E+04, 0.295E+04, 0.110E+03, 0.626E+03, 0.572E+03, 0.140E+04, 0.368E+04, 0.197E+04, 0.493E+04
1999,    63, 0.381E+01, 0.197E+04, 0.986E+04, 0.295E+04, 0.110E+03, 0.626E+03, 0.572E+03, 0.140E+04, 0.368E+04, 0.197E+04, 0.493E+04
2000,    63, 0.382E+01, 0.198E+04, 0.989E+04, 0.295E+04, 0.111E+03, 0.628E+03, 0.574E+03, 0.140E+04, 0.369E+04, 0.198E+04, 0.495E+04
1991,    59, 0.623E+02, 0.242E+05, 0.547E+05, 0.572E+05, 0.132E+05, 0.105E+05, 0.218E+04, 0.868E+04, 0.809E+05, 0.109E+05, 0.549E+05
1992,    59, 0.562E+02, 0.219E+05, 0.642E+05, 0.100E+06, 0.396E+04, 0.194E+05, 0.828E+04, 0.784E+04, 0.123E+06, 0.161E+05, 0.646E+05
1993,    59, 0.601E+02, 0.234E+05, 0.716E+05, 0.112E+06, 0.231E+04, 0.416E+05, 0.177E+04, 0.842E+04, 0.155E+06, 0.102E+05, 0.622E+05
1994,    59, 0.602E+02, 0.425E+05, 0.310E+05, 0.178E+05, 0.152E+05, 0.145E+05, 0.257E+04, 0.725E+04, 0.475E+05, 0.982E+04, 0.453E+05
1995,    59, 0.731E+02, 0.509E+05, 0.355E+05, 0.212E+05, 0.549E+04, 0.119E+05, 0.152E+04, 0.794E+04, 0.386E+05, 0.945E+04, 0.242E+05
1996,    59, 0.752E+02, 0.544E+05, 0.475E+05, 0.133E+05, 0.101E+05, 0.826E+04, 0.128E+04, 0.308E+04, 0.317E+05, 0.437E+04, 0.284E+05
1997,    59, 0.761E+02, 0.540E+05, 0.475E+05, 0.146E+05, 0.825E+04, 0.839E+04, 0.917E+03, 0.291E+04, 0.312E+05, 0.383E+04, 0.469E+05
1998,    59, 0.801E+02, 0.545E+05, 0.379E+05, 0.542E+04, 0.843E+04, 0.715E+04, 0.931E+03, 0.411E+04, 0.210E+05, 0.504E+04, 0.314E+05
1999,    59, 0.772E+02, 0.499E+05, 0.370E+05, 0.535E+04, 0.110E+05, 0.916E+04, 0.605E+03, 0.212E+04, 0.255E+05, 0.272E+04, 0.237E+05
2000,    59, 0.789E+02, 0.535E+05, 0.608E+05, 0.750E+04, 0.119E+05, 0.118E+05, 0.770E+03, 0.256E+04, 0.311E+05, 0.333E+04, 0.284E+05
1991,    55, 0.160E+02, 0.633E+04, 0.763E+04, 0.443E+04, 0.166E+05, 0.176E+04, 0.332E+03, 0.201E+04, 0.228E+05, 0.234E+04, 0.743E+04
1992,    55, 0.164E+02, 0.670E+04, 0.125E+05, 0.389E+04, 0.995E+04, 0.230E+04, 0.120E+04, 0.174E+04, 0.161E+05, 0.294E+04, 0.624E+04
1993,    55, 0.154E+02, 0.632E+04, 0.799E+04, 0.344E+04, 0.942E+04, 0.217E+04, 0.274E+03, 0.156E+04, 0.150E+05, 0.184E+04, 0.656E+04
1994,    55, 0.144E+02, 0.112E+05, 0.337E+04, 0.140E+04, 0.722E+04, 0.215E+04, 0.116E+03, 0.197E+04, 0.108E+05, 0.208E+04, 0.604E+04
1995,    55, 0.176E+02, 0.137E+05, 0.396E+04, 0.899E+03, 0.868E+04, 0.147E+04, 0.486E+03, 0.224E+04, 0.111E+05, 0.273E+04, 0.375E+04
1996,    55, 0.188E+02, 0.144E+05, 0.424E+04, 0.902E+03, 0.985E+04, 0.174E+04, 0.262E+03, 0.149E+04, 0.125E+05, 0.176E+04, 0.406E+04
1997,    55, 0.172E+02, 0.127E+05, 0.327E+04, 0.744E+03, 0.955E+04, 0.130E+04, 0.364E+03, 0.267E+04, 0.116E+05, 0.304E+04, 0.380E+04
1998,    55, 0.177E+02, 0.109E+05, 0.325E+04, 0.671E+03, 0.708E+04, 0.157E+04, 0.301E+03, 0.136E+04, 0.933E+04, 0.166E+04, 0.413E+04
1999,    55, 0.164E+02, 0.101E+05, 0.267E+04, 0.450E+03, 0.504E+04, 0.130E+04, 0.248E+03, 0.827E+03, 0.679E+04, 0.108E+04, 0.388E+04
2000,    55, 0.212E+02, 0.121E+05, 0.325E+04, 0.504E+03, 0.637E+04, 0.196E+04, 0.312E+03, 0.762E+03, 0.883E+04, 0.107E+04, 0.400E+04
1991,    65, 0.330E+02, 0.135E+05, 0.403E+05, 0.137E+05, 0.329E+05, 0.177E+05, 0.131E+04, 0.487E+04, 0.644E+05, 0.617E+04, 0.646E+05
1992,    65, 0.352E+02, 0.156E+05, 0.417E+05, 0.141E+05, 0.366E+05, 0.153E+05, 0.247E+04, 0.637E+04, 0.660E+05, 0.884E+04, 0.716E+05
1993,    65, 0.320E+02, 0.167E+05, 0.287E+05, 0.159E+05, 0.292E+05, 0.150E+05, 0.229E+04, 0.465E+04, 0.602E+05, 0.694E+04, 0.793E+05
1994,    65, 0.377E+02, 0.206E+05, 0.319E+05, 0.118E+05, 0.368E+05, 0.114E+05, 0.142E+04, 0.452E+04, 0.601E+05, 0.594E+04, 0.593E+05
1995,    65, 0.417E+02, 0.322E+05, 0.337E+05, 0.219E+05, 0.347E+05, 0.112E+05, 0.163E+04, 0.428E+04, 0.677E+05, 0.591E+04, 0.575E+05
1996,    65, 0.522E+02, 0.410E+05, 0.463E+05, 0.284E+05, 0.313E+05, 0.162E+05, 0.201E+04, 0.484E+04, 0.760E+05, 0.685E+04, 0.696E+05
1997,    65, 0.511E+02, 0.375E+05, 0.361E+05, 0.258E+05, 0.422E+05, 0.175E+05, 0.179E+04, 0.587E+04, 0.856E+05, 0.767E+04, 0.663E+05
1998,    65, 0.463E+02, 0.290E+05, 0.418E+05, 0.171E+05, 0.403E+05, 0.175E+05, 0.245E+04, 0.480E+04, 0.749E+05, 0.725E+04, 0.627E+05
1999,    65, 0.439E+02, 0.273E+05, 0.552E+05, 0.257E+05, 0.254E+05, 0.153E+05, 0.235E+04, 0.417E+04, 0.664E+05, 0.652E+04, 0.676E+05
2000,    65, 0.479E+02, 0.290E+05, 0.500E+05, 0.336E+05, 0.269E+05, 0.179E+05, 0.313E+04, 0.487E+04, 0.783E+05, 0.800E+04, 0.721E+05
1991,    32, 0.225E+03, 0.880E+05, 0.261E+05, 0.675E+04, 0.233E+06, 0.162E+05, 0.150E+04, 0.165E+05, 0.256E+06, 0.180E+05, 0.541E+05
1992,    32, 0.241E+03, 0.162E+06, 0.298E+05, 0.747E+04, 0.119E+06, 0.160E+05, 0.206E+04, 0.179E+05, 0.143E+06, 0.200E+05, 0.529E+05
1993,    32, 0.260E+03, 0.183E+06, 0.242E+05, 0.786E+04, 0.133E+06, 0.196E+05, 0.190E+04, 0.178E+05, 0.161E+06, 0.197E+05, 0.546E+05
1994,    32, 0.271E+03, 0.187E+06, 0.336E+05, 0.101E+05, 0.146E+06, 0.184E+05, 0.202E+04, 0.173E+05, 0.175E+06, 0.193E+05, 0.711E+05
1995,    32, 0.262E+03, 0.187E+06, 0.249E+05, 0.982E+04, 0.148E+06, 0.184E+05, 0.228E+04, 0.172E+05, 0.176E+06, 0.195E+05, 0.635E+05
1996,    32, 0.306E+03, 0.239E+06, 0.417E+05, 0.919E+04, 0.163E+06, 0.177E+05, 0.235E+04, 0.177E+05, 0.190E+06, 0.201E+05, 0.508E+05
1997,    32, 0.280E+03, 0.208E+06, 0.402E+05, 0.816E+04, 0.154E+06, 0.200E+05, 0.230E+04, 0.182E+05, 0.182E+06, 0.206E+05, 0.569E+05
1998,    32, 0.293E+03, 0.183E+06, 0.227E+05, 0.866E+04, 0.176E+06, 0.193E+05, 0.182E+04, 0.191E+05, 0.204E+06, 0.209E+05, 0.589E+05
1999,    32, 0.281E+03, 0.168E+06, 0.489E+05, 0.745E+04, 0.183E+06, 0.183E+05, 0.274E+04, 0.179E+05, 0.209E+06, 0.206E+05, 0.538E+05
2000,    32, 0.308E+03, 0.190E+06, 0.354E+05, 0.132E+05, 0.185E+06, 0.195E+05, 0.149E+04, 0.186E+05, 0.218E+06, 0.201E+05, 0.435E+05
1991,    53, 0.571E+01, 0.246E+04, 0.578E+04, 0.332E+04, 0.419E+04, 0.728E+03, 0.134E+03, 0.704E+03, 0.824E+04, 0.838E+03, 0.109E+05
1992,    53, 0.617E+01, 0.417E+04, 0.194E+04, 0.138E+04, 0.435E+04, 0.302E+03, 0.202E+03, 0.602E+03, 0.603E+04, 0.804E+03, 0.409E+04
1993,    53, 0.612E+01, 0.412E+04, 0.158E+04, 0.114E+04, 0.522E+04, 0.249E+03, 0.214E+03, 0.631E+03, 0.661E+04, 0.845E+03, 0.243E+04
1994,    53, 0.674E+01, 0.475E+04, 0.166E+04, 0.125E+04, 0.195E+04, 0.274E+03, 0.230E+03, 0.682E+03, 0.347E+04, 0.912E+03, 0.270E+04
1995,    53, 0.618E+01, 0.421E+04, 0.139E+04, 0.119E+04, 0.176E+04, 0.262E+03, 0.396E+03, 0.352E+03, 0.321E+04, 0.748E+03, 0.251E+04
1996,    53, 0.758E+01, 0.486E+04, 0.179E+04, 0.744E+03, 0.166E+04, 0.116E+04, 0.339E+03, 0.325E+03, 0.356E+04, 0.664E+03, 0.321E+04
1997,    53, 0.787E+01, 0.480E+04, 0.231E+04, 0.127E+04, 0.197E+04, 0.953E+03, 0.264E+03, 0.260E+03, 0.419E+04, 0.524E+03, 0.307E+04
1998,    53, 0.104E+02, 0.606E+04, 0.283E+04, 0.213E+04, 0.221E+04, 0.180E+04, 0.315E+03, 0.751E+03, 0.614E+04, 0.107E+04, 0.361E+04
1999,    53, 0.832E+01, 0.486E+04, 0.215E+03, 0.769E+03, 0.136E+04, 0.117E+04, 0.191E+02, 0.528E+03, 0.330E+04, 0.547E+03, 0.262E+04
2000,    53, 0.904E+01, 0.509E+04, 0.196E+04, 0.679E+03, 0.206E+04, 0.110E+04, 0.284E+03, 0.447E+03, 0.384E+04, 0.731E+03, 0.316E+04
1991,    47, 0.000E+00, 0.000E+00, 0.000E+00, 0.000E+00, 0.000E+00, 0.000E+00, 0.000E+00, 0.000E+00, 0.000E+00, 0.000E+00, 0.000E+00
1992,    47, 0.000E+00, 0.000E+00, 0.000E+00, 0.000E+00, 0.000E+00, 0.000E+00, 0.000E+00, 0.000E+00, 0.000E+00, 0.000E+00, 0.000E+00
1993,    47, 0.000E+00, 0.000E+00, 0.000E+00, 0.000E+00, 0.000E+00, 0.000E+00, 0.000E+00, 0.000E+00, 0.000E+00, 0.000E+00, 0.000E+00
1994,    47, 0.000E+00, 0.000E+00, 0.000E+00, 0.000E+00, 0.000E+00, 0.000E+00, 0.000E+00, 0.000E+00, 0.000E+00, 0.000E+00, 0.000E+00
1995,    47, 0.000E+00, 0.000E+00, 0.000E+00, 0.000E+00, 0.000E+00, 0.000E+00, 0.000E+00, 0.000E+00, 0.000E+00, 0.000E+00, 0.000E+00
1996,    47, 0.000E+00, 0.000E+00, 0.000E+00, 0.000E+00, 0.000E+00, 0.000E+00, 0.000E+00, 0.000E+00, 0.000E+00, 0.000E+00, 0.000E+00
1997,    47, 0.000E+00, 0.000E+00, 0.000E+00, 0.000E+00, 0.000E+00, 0.000E+00, 0.000E+00, 0.000E+00, 0.000E+00, 0.000E+00, 0.000E+00
1998,    47, 0.000E+00, 0.000E+00, 0.000E+00, 0.000E+00, 0.000E+00, 0.000E+00, 0.000E+00, 0.000E+00, 0.000E+00, 0.000E+00, 0.000E+00
1999,    47, 0.000E+00, 0.000E+00, 0.000E+00, 0.000E+00, 0.000E+00, 0.000E+00, 0.000E+00, 0.000E+00, 0.000E+00, 0.000E+00, 0.000E+00
2000,    47, 0.000E+00, 0.000E+00, 0.000E+00, 0.000E+00, 0.000E+00, 0.000E+00, 0.000E+00, 0.000E+00, 0.000E+00, 0.000E+00, 0.000E+00
1991,    81, 0.000E+00, 0.000E+00, 0.000E+00, 0.000E+00, 0.000E+00, 0.000E+00, 0.000E+00, 0.000E+00, 0.000E+00, 0.000E+00, 0.000E+00
1992,    81, 0.000E+00, 0.000E+00, 0.000E+00, 0.000E+00, 0.000E+00, 0.000E+00, 0.000E+00, 0.000E+00, 0.000E+00, 0.000E+00, 0.000E+00
1993,    81, 0.000E+00, 0.000E+00, 0.000E+00, 0.000E+00, 0.000E+00, 0.000E+00, 0.000E+00, 0.000E+00, 0.000E+00, 0.000E+00, 0.000E+00
1994,    81, 0.000E+00, 0.000E+00, 0.000E+00, 0.000E+00, 0.000E+00, 0.000E+00, 0.000E+00, 0.000E+00, 0.000E+00, 0.000E+00, 0.000E+00
1995,    81, 0.000E+00, 0.000E+00, 0.000E+00, 0.000E+00, 0.000E+00, 0.000E+00, 0.000E+00, 0.000E+00, 0.000E+00, 0.000E+00, 0.000E+00
1996,    81, 0.000E+00, 0.000E+00, 0.000E+00, 0.000E+00, 0.000E+00, 0.000E+00, 0.000E+00, 0.000E+00, 0.000E+00, 0.000E+00, 0.000E+00
1997,    81, 0.000E+00, 0.000E+00, 0.000E+00, 0.000E+00, 0.000E+00, 0.000E+00, 0.000E+00, 0.000E+00, 0.000E+00, 0.000E+00, 0.000E+00
1998,    81, 0.000E+00, 0.000E+00, 0.000E+00, 0.000E+00, 0.000E+00, 0.000E+00, 0.000E+00, 0.000E+00, 0.000E+00, 0.000E+00, 0.000E+00
1999,    81, 0.000E+00, 0.000E+00, 0.000E+00, 0.000E+00, 0.000E+00, 0.000E+00, 0.000E+00, 0.000E+00, 0.000E+00, 0.000E+00, 0.000E+00
2000,    81, 0.000E+00, 0.000E+00, 0.000E+00, 0.000E+00, 0.000E+00, 0.000E+00, 0.000E+00, 0.000E+00, 0.000E+00, 0.000E+00, 0.000E+00
1991,    82, 0.160E+02, 0.111E+05, 0.000E+00, 0.000E+00, 0.000E+00, 0.691E+03, 0.000E+00, 0.691E+04, 0.691E+03, 0.691E+04, 0.111E+05
1992,    82, 0.160E+02, 0.111E+05, 0.000E+00, 0.000E+00, 0.000E+00, 0.693E+03, 0.000E+00, 0.693E+04, 0.693E+03, 0.693E+04, 0.111E+05
1993,    82, 0.160E+02, 0.111E+05, 0.000E+00, 0.000E+00, 0.000E+00, 0.691E+03, 0.000E+00, 0.691E+04, 0.691E+03, 0.691E+04, 0.111E+05
1994,    82, 0.160E+02, 0.111E+05, 0.000E+00, 0.000E+00, 0.000E+00, 0.691E+03, 0.000E+00, 0.691E+04, 0.691E+03, 0.691E+04, 0.111E+05
1995,    82, 0.160E+02, 0.111E+05, 0.000E+00, 0.000E+00, 0.000E+00, 0.691E+03, 0.000E+00, 0.691E+04, 0.691E+03, 0.691E+04, 0.111E+05
1996,    82, 0.160E+02, 0.111E+05, 0.000E+00, 0.000E+00, 0.000E+00, 0.693E+03, 0.000E+00, 0.693E+04, 0.693E+03, 0.693E+04, 0.111E+05
1997,    82, 0.160E+02, 0.111E+05, 0.000E+00, 0.000E+00, 0.000E+00, 0.691E+03, 0.000E+00, 0.691E+04, 0.691E+03, 0.691E+04, 0.111E+05
1998,    82, 0.160E+02, 0.111E+05, 0.000E+00, 0.000E+00, 0.000E+00, 0.691E+03, 0.000E+00, 0.691E+04, 0.691E+03, 0.691E+04, 0.111E+05
1999,    82, 0.160E+02, 0.111E+05, 0.000E+00, 0.000E+00, 0.000E+00, 0.691E+03, 0.000E+00, 0.691E+04, 0.691E+03, 0.691E+04, 0.111E+05
2000,    82, 0.160E+02, 0.111E+05, 0.000E+00, 0.000E+00, 0.000E+00, 0.693E+03, 0.000E+00, 0.693E+04, 0.693E+03, 0.693E+04, 0.111E+05
1991,    79, 0.126E+01, 0.653E+03, 0.327E+04, 0.975E+03, 0.366E+02, 0.207E+03, 0.189E+03, 0.464E+03, 0.122E+04, 0.653E+03, 0.163E+04
1992,    79, 0.126E+01, 0.655E+03, 0.327E+04, 0.978E+03, 0.367E+02, 0.208E+03, 0.190E+03, 0.465E+03, 0.122E+04, 0.655E+03, 0.164E+04
1993,    79, 0.126E+01, 0.653E+03, 0.327E+04, 0.975E+03, 0.366E+02, 0.207E+03, 0.189E+03, 0.464E+03, 0.122E+04, 0.653E+03, 0.163E+04
1994,    79, 0.126E+01, 0.653E+03, 0.327E+04, 0.975E+03, 0.366E+02, 0.207E+03, 0.189E+03, 0.464E+03, 0.122E+04, 0.653E+03, 0.163E+04
1995,    79, 0.126E+01, 0.653E+03, 0.327E+04, 0.975E+03, 0.366E+02, 0.207E+03, 0.189E+03, 0.464E+03, 0.122E+04, 0.653E+03, 0.163E+04
1996,    79, 0.126E+01, 0.655E+03, 0.327E+04, 0.978E+03, 0.367E+02, 0.208E+03, 0.190E+03, 0.465E+03, 0.122E+04, 0.655E+03, 0.164E+04
1997,    79, 0.126E+01, 0.653E+03, 0.327E+04, 0.975E+03, 0.366E+02, 0.207E+03, 0.189E+03, 0.464E+03, 0.122E+04, 0.653E+03, 0.163E+04
1998,    79, 0.126E+01, 0.653E+03, 0.327E+04, 0.975E+03, 0.366E+02, 0.207E+03, 0.189E+03, 0.464E+03, 0.122E+04, 0.653E+03, 0.163E+04
1999,    79, 0.126E+01, 0.653E+03, 0.327E+04, 0.975E+03, 0.366E+02, 0.207E+03, 0.189E+03, 0.464E+03, 0.122E+04, 0.653E+03, 0.163E+04
2000,    79, 0.126E+01, 0.655E+03, 0.327E+04, 0.978E+03, 0.367E+02, 0.208E+03, 0.190E+03, 0.465E+03, 0.122E+04, 0.655E+03, 0.164E+04
1991,    77, 0.102E+03, 0.398E+05, 0.142E+06, 0.182E+05, 0.467E+05, 0.233E+05, 0.346E+04, 0.176E+05, 0.881E+05, 0.211E+05, 0.298E+06
1992,    77, 0.946E+02, 0.423E+05, 0.994E+05, 0.282E+05, 0.257E+05, 0.234E+05, 0.231E+04, 0.169E+05, 0.773E+05, 0.192E+05, 0.284E+06
1993,    77, 0.938E+02, 0.539E+05, 0.102E+06, 0.248E+05, 0.239E+05, 0.268E+05, 0.477E+04, 0.156E+05, 0.755E+05, 0.204E+05, 0.279E+06
1994,    77, 0.104E+03, 0.553E+05, 0.104E+06, 0.248E+05, 0.328E+05, 0.248E+05, 0.510E+04, 0.155E+05, 0.823E+05, 0.206E+05, 0.261E+06
1995,    77, 0.927E+02, 0.707E+05, 0.989E+05, 0.235E+05, 0.397E+05, 0.213E+05, 0.453E+04, 0.175E+05, 0.844E+05, 0.221E+05, 0.217E+06
1996,    77, 0.147E+03, 0.111E+06, 0.145E+06, 0.457E+05, 0.214E+05, 0.317E+05, 0.249E+05, 0.200E+05, 0.987E+05, 0.449E+05, 0.342E+06
1997,    77, 0.123E+03, 0.875E+05, 0.103E+06, 0.361E+05, 0.291E+05, 0.263E+05, 0.237E+05, 0.189E+05, 0.915E+05, 0.426E+05, 0.232E+06
1998,    77, 0.126E+03, 0.685E+05, 0.108E+06, 0.380E+05, 0.262E+05, 0.313E+05, 0.674E+04, 0.189E+05, 0.955E+05, 0.257E+05, 0.263E+06
1999,    77, 0.126E+03, 0.736E+05, 0.179E+06, 0.315E+05, 0.247E+05, 0.347E+05, 0.941E+04, 0.142E+05, 0.909E+05, 0.236E+05, 0.389E+06
2000,    77, 0.131E+03, 0.687E+05, 0.161E+06, 0.315E+05, 0.294E+05, 0.314E+05, 0.104E+05, 0.173E+05, 0.924E+05, 0.276E+05, 0.304E+06
1991,    85, 0.876E+02, 0.348E+05, 0.142E+06, 0.925E+05, 0.171E+05, 0.233E+05, 0.313E+04, 0.826E+04, 0.133E+06, 0.114E+05, 0.184E+06
1992,    85, 0.891E+02, 0.589E+05, 0.154E+06, 0.938E+05, 0.173E+05, 0.237E+05, 0.287E+04, 0.756E+04, 0.135E+06, 0.104E+05, 0.197E+06
1993,    85, 0.900E+02, 0.607E+05, 0.186E+06, 0.952E+05, 0.174E+05, 0.239E+05, 0.332E+04, 0.896E+04, 0.137E+06, 0.123E+05, 0.190E+06
1994,    85, 0.862E+02, 0.565E+05, 0.181E+06, 0.909E+05, 0.169E+05, 0.229E+05, 0.349E+04, 0.950E+04, 0.131E+06, 0.130E+05, 0.195E+06
1995,    85, 0.815E+02, 0.555E+05, 0.167E+06, 0.865E+05, 0.164E+05, 0.214E+05, 0.344E+04, 0.944E+04, 0.124E+06, 0.129E+05, 0.171E+06
1996,    85, 0.951E+02, 0.637E+05, 0.216E+06, 0.980E+05, 0.180E+05, 0.258E+05, 0.390E+04, 0.102E+05, 0.142E+06, 0.142E+05, 0.221E+06
1997,    85, 0.919E+02, 0.625E+05, 0.210E+06, 0.139E+06, 0.323E+05, 0.496E+05, 0.559E+04, 0.718E+04, 0.221E+06, 0.128E+05, 0.164E+06
1998,    85, 0.102E+03, 0.626E+05, 0.212E+06, 0.132E+06, 0.725E+05, 0.344E+05, 0.463E+04, 0.973E+04, 0.239E+06, 0.144E+05, 0.185E+06
1999,    85, 0.106E+03, 0.627E+05, 0.204E+06, 0.120E+06, 0.427E+05, 0.318E+05, 0.448E+04, 0.928E+04, 0.194E+06, 0.138E+05, 0.210E+06
2000,    85, 0.106E+03, 0.594E+05, 0.176E+06, 0.108E+06, 0.468E+05, 0.225E+05, 0.474E+04, 0.952E+04, 0.177E+06, 0.143E+05, 0.192E+06
1991,    52, 0.000E+00, 0.000E+00, 0.000E+00, 0.000E+00, 0.000E+00, 0.000E+00, 0.000E+00, 0.000E+00, 0.000E+00, 0.000E+00, 0.000E+00
1992,    52, 0.000E+00, 0.000E+00, 0.000E+00, 0.000E+00, 0.000E+00, 0.000E+00, 0.000E+00, 0.000E+00, 0.000E+00, 0.000E+00, 0.000E+00
1993,    52, 0.000E+00, 0.000E+00, 0.000E+00, 0.000E+00, 0.000E+00, 0.000E+00, 0.000E+00, 0.000E+00, 0.000E+00, 0.000E+00, 0.000E+00
1994,    52, 0.000E+00, 0.000E+00, 0.000E+00, 0.000E+00, 0.000E+00, 0.000E+00, 0.000E+00, 0.000E+00, 0.000E+00, 0.000E+00, 0.000E+00
1995,    52, 0.000E+00, 0.000E+00, 0.000E+00, 0.000E+00, 0.000E+00, 0.000E+00, 0.000E+00, 0.000E+00, 0.000E+00, 0.000E+00, 0.000E+00
1996,    52, 0.000E+00, 0.000E+00, 0.000E+00, 0.000E+00, 0.000E+00, 0.000E+00, 0.000E+00, 0.000E+00, 0.000E+00, 0.000E+00, 0.000E+00
1997,    52, 0.000E+00, 0.000E+00, 0.000E+00, 0.000E+00, 0.000E+00, 0.000E+00, 0.000E+00, 0.000E+00, 0.000E+00, 0.000E+00, 0.000E+00
1998,    52, 0.000E+00, 0.000E+00, 0.000E+00, 0.000E+00, 0.000E+00, 0.000E+00, 0.000E+00, 0.000E+00, 0.000E+00, 0.000E+00, 0.000E+00
1999,    52, 0.000E+00, 0.000E+00, 0.000E+00, 0.000E+00, 0.000E+00, 0.000E+00, 0.000E+00, 0.000E+00, 0.000E+00, 0.000E+00, 0.000E+00
2000,    52, 0.000E+00, 0.000E+00, 0.000E+00, 0.000E+00, 0.000E+00, 0.000E+00, 0.000E+00, 0.000E+00, 0.000E+00, 0.000E+00, 0.000E+00
1991,    56, 0.726E+00, 0.282E+03, 0.270E+04, 0.878E+02, 0.690E+02, 0.345E+03, 0.502E+02, 0.125E+02, 0.502E+03, 0.627E+02, 0.815E+04
1992,    56, 0.778E+00, 0.302E+03, 0.289E+04, 0.940E+02, 0.739E+02, 0.369E+03, 0.537E+02, 0.134E+02, 0.537E+03, 0.672E+02, 0.873E+04
1993,    56, 0.735E+00, 0.285E+03, 0.273E+04, 0.888E+02, 0.698E+02, 0.349E+03, 0.508E+02, 0.127E+02, 0.507E+03, 0.634E+02, 0.825E+04
1994,    56, 0.723E+00, 0.281E+03, 0.268E+04, 0.873E+02, 0.686E+02, 0.343E+03, 0.499E+02, 0.125E+02, 0.499E+03, 0.624E+02, 0.811E+04
1995,    56, 0.576E+00, 0.224E+03, 0.214E+04, 0.696E+02, 0.547E+02, 0.273E+03, 0.398E+02, 0.994E+01, 0.398E+03, 0.497E+02, 0.646E+04
1996,    56, 0.112E+01, 0.436E+03, 0.417E+04, 0.136E+03, 0.107E+03, 0.533E+03, 0.776E+02, 0.194E+02, 0.775E+03, 0.969E+02, 0.126E+05
1997,    56, 0.585E+00, 0.227E+03, 0.217E+04, 0.707E+02, 0.556E+02, 0.278E+03, 0.404E+02, 0.101E+02, 0.404E+03, 0.505E+02, 0.657E+04
1998,    56, 0.742E+00, 0.288E+03, 0.275E+04, 0.896E+02, 0.704E+02, 0.352E+03, 0.512E+02, 0.128E+02, 0.512E+03, 0.640E+02, 0.832E+04
1999,    56, 0.117E+01, 0.455E+03, 0.434E+04, 0.141E+03, 0.111E+03, 0.558E+03, 0.811E+02, 0.212E+02, 0.810E+03, 0.102E+03, 0.131E+05
2000,    56, 0.122E+01, 0.506E+03, 0.425E+04, 0.131E+03, 0.104E+03, 0.818E+03, 0.109E+03, 0.118E+03, 0.105E+04, 0.227E+03, 0.112E+05
1991,    87, 0.000E+00, 0.000E+00, 0.000E+00, 0.000E+00, 0.000E+00, 0.000E+00, 0.000E+00, 0.000E+00, 0.000E+00, 0.000E+00, 0.000E+00
1992,    87, 0.000E+00, 0.000E+00, 0.000E+00, 0.000E+00, 0.000E+00, 0.000E+00, 0.000E+00, 0.000E+00, 0.000E+00, 0.000E+00, 0.000E+00
1993,    87, 0.000E+00, 0.000E+00, 0.000E+00, 0.000E+00, 0.000E+00, 0.000E+00, 0.000E+00, 0.000E+00, 0.000E+00, 0.000E+00, 0.000E+00
1994,    87, 0.000E+00, 0.000E+00, 0.000E+00, 0.000E+00, 0.000E+00, 0.000E+00, 0.000E+00, 0.000E+00, 0.000E+00, 0.000E+00, 0.000E+00
1995,    87, 0.000E+00, 0.000E+00, 0.000E+00, 0.000E+00, 0.000E+00, 0.000E+00, 0.000E+00, 0.000E+00, 0.000E+00, 0.000E+00, 0.000E+00
1996,    87, 0.000E+00, 0.000E+00, 0.000E+00, 0.000E+00, 0.000E+00, 0.000E+00, 0.000E+00, 0.000E+00, 0.000E+00, 0.000E+00, 0.000E+00
1997,    87, 0.000E+00, 0.000E+00, 0.000E+00, 0.000E+00, 0.000E+00, 0.000E+00, 0.000E+00, 0.000E+00, 0.000E+00, 0.000E+00, 0.000E+00
1998,    87, 0.000E+00, 0.000E+00, 0.000E+00, 0.000E+00, 0.000E+00, 0.000E+00, 0.000E+00, 0.000E+00, 0.000E+00, 0.000E+00, 0.000E+00
1999,    87, 0.000E+00, 0.000E+00, 0.000E+00, 0.000E+00, 0.000E+00, 0.000E+00, 0.000E+00, 0.000E+00, 0.000E+00, 0.000E+00, 0.000E+00
2000,    87, 0.000E+00, 0.000E+00, 0.000E+00, 0.000E+00, 0.000E+00, 0.000E+00, 0.000E+00, 0.000E+00, 0.000E+00, 0.000E+00, 0.000E+00
1991,    44, 0.000E+00, 0.000E+00, 0.000E+00, 0.000E+00, 0.000E+00, 0.000E+00, 0.000E+00, 0.000E+00, 0.000E+00, 0.000E+00, 0.000E+00
1992,    44, 0.000E+00, 0.000E+00, 0.000E+00, 0.000E+00, 0.000E+00, 0.000E+00, 0.000E+00, 0.000E+00, 0.000E+00, 0.000E+00, 0.000E+00
1993,    44, 0.000E+00, 0.000E+00, 0.000E+00, 0.000E+00, 0.000E+00, 0.000E+00, 0.000E+00, 0.000E+00, 0.000E+00, 0.000E+00, 0.000E+00
1994,    44, 0.000E+00, 0.000E+00, 0.000E+00, 0.000E+00, 0.000E+00, 0.000E+00, 0.000E+00, 0.000E+00, 0.000E+00, 0.000E+00, 0.000E+00
1995,    44, 0.000E+00, 0.000E+00, 0.000E+00, 0.000E+00, 0.000E+00, 0.000E+00, 0.000E+00, 0.000E+00, 0.000E+00, 0.000E+00, 0.000E+00
1996,    44, 0.000E+00, 0.000E+00, 0.000E+00, 0.000E+00, 0.000E+00, 0.000E+00, 0.000E+00, 0.000E+00, 0.000E+00, 0.000E+00, 0.000E+00
1997,    44, 0.483E+00, 0.250E+03, 0.125E+04, 0.263E+02, 0.216E+02, 0.698E+03, 0.810E+02, 0.198E+03, 0.746E+03, 0.279E+03, 0.625E+03
1998,    44, 0.576E+00, 0.298E+03, 0.149E+04, 0.313E+02, 0.258E+02, 0.833E+03, 0.966E+02, 0.237E+03, 0.890E+03, 0.333E+03, 0.746E+03
1999,    44, 0.576E+00, 0.298E+03, 0.149E+04, 0.313E+02, 0.258E+02, 0.833E+03, 0.966E+02, 0.237E+03, 0.890E+03, 0.333E+03, 0.746E+03
2000,    44, 0.579E+00, 0.300E+03, 0.150E+04, 0.315E+02, 0.263E+02, 0.835E+03, 0.969E+02, 0.237E+03, 0.893E+03, 0.334E+03, 0.752E+03
1991,    41, 0.000E+00, 0.000E+00, 0.000E+00, 0.000E+00, 0.000E+00, 0.000E+00, 0.000E+00, 0.000E+00, 0.000E+00, 0.000E+00, 0.000E+00
1992,    41, 0.000E+00, 0.000E+00, 0.000E+00, 0.000E+00, 0.000E+00, 0.000E+00, 0.000E+00, 0.000E+00, 0.000E+00, 0.000E+00, 0.000E+00
1993,    41, 0.000E+00, 0.000E+00, 0.000E+00, 0.000E+00, 0.000E+00, 0.000E+00, 0.000E+00, 0.000E+00, 0.000E+00, 0.000E+00, 0.000E+00
1994,    41, 0.000E+00, 0.000E+00, 0.000E+00, 0.000E+00, 0.000E+00, 0.000E+00, 0.000E+00, 0.000E+00, 0.000E+00, 0.000E+00, 0.000E+00
1995,    41, 0.000E+00, 0.000E+00, 0.000E+00, 0.000E+00, 0.000E+00, 0.000E+00, 0.000E+00, 0.000E+00, 0.000E+00, 0.000E+00, 0.000E+00
1996,    41, 0.000E+00, 0.000E+00, 0.000E+00, 0.000E+00, 0.000E+00, 0.000E+00, 0.000E+00, 0.000E+00, 0.000E+00, 0.000E+00, 0.000E+00
1997,    41, 0.000E+00, 0.000E+00, 0.000E+00, 0.000E+00, 0.000E+00, 0.000E+00, 0.000E+00, 0.000E+00, 0.000E+00, 0.000E+00, 0.000E+00
1998,    41, 0.000E+00, 0.000E+00, 0.000E+00, 0.000E+00, 0.000E+00, 0.000E+00, 0.000E+00, 0.000E+00, 0.000E+00, 0.000E+00, 0.000E+00
1999,    41, 0.000E+00, 0.000E+00, 0.000E+00, 0.000E+00, 0.000E+00, 0.000E+00, 0.000E+00, 0.000E+00, 0.000E+00, 0.000E+00, 0.000E+00
2000,    41, 0.000E+00, 0.000E+00, 0.000E+00, 0.000E+00, 0.000E+00, 0.000E+00, 0.000E+00, 0.000E+00, 0.000E+00, 0.000E+00, 0.000E+00
1991,    49, 0.502E+00, 0.217E+03, 0.595E+03, 0.585E+03, 0.663E+02, 0.128E+03, 0.208E+02, 0.109E+03, 0.780E+03, 0.130E+03, 0.674E+03
1992,    49, 0.517E+00, 0.223E+03, 0.456E+03, 0.603E+03, 0.683E+02, 0.132E+03, 0.214E+02, 0.113E+03, 0.804E+03, 0.134E+03, 0.423E+03
1993,    49, 0.517E+00, 0.223E+03, 0.864E+03, 0.604E+03, 0.684E+02, 0.132E+03, 0.214E+02, 0.113E+03, 0.804E+03, 0.134E+03, 0.853E+03
1994,    49, 0.445E+00, 0.192E+03, 0.960E+03, 0.519E+03, 0.588E+02, 0.114E+03, 0.184E+02, 0.968E+02, 0.691E+03, 0.115E+03, 0.960E+03
1995,    49, 0.415E+00, 0.333E+03, 0.496E+03, 0.484E+03, 0.548E+02, 0.106E+03, 0.172E+02, 0.903E+02, 0.645E+03, 0.107E+03, 0.572E+03
1996,    49, 0.566E+00, 0.422E+03, 0.897E+03, 0.660E+03, 0.747E+02, 0.145E+03, 0.234E+02, 0.123E+03, 0.879E+03, 0.147E+03, 0.902E+03
1997,    49, 0.538E+00, 0.358E+03, 0.432E+03, 0.627E+03, 0.710E+02, 0.137E+03, 0.223E+02, 0.117E+03, 0.836E+03, 0.139E+03, 0.470E+03
1998,    49, 0.565E+00, 0.382E+03, 0.533E+03, 0.659E+03, 0.746E+02, 0.144E+03, 0.234E+02, 0.123E+03, 0.878E+03, 0.146E+03, 0.418E+03
1999,    49, 0.447E+00, 0.284E+03, 0.430E+03, 0.522E+03, 0.591E+02, 0.114E+03, 0.185E+02, 0.973E+02, 0.695E+03, 0.116E+03, 0.424E+03
2000,    49, 0.427E+00, 0.290E+03, 0.271E+03, 0.492E+03, 0.555E+02, 0.121E+03, 0.173E+02, 0.907E+02, 0.669E+03, 0.108E+03, 0.355E+03
1991,    91, 0.149E+02, 0.731E+04, 0.498E+04, 0.636E+04, 0.116E+05, 0.223E+04, 0.341E+03, 0.138E+04, 0.202E+05, 0.172E+04, 0.168E+05
1992,    91, 0.158E+02, 0.770E+04, 0.579E+04, 0.737E+04, 0.117E+05, 0.245E+04, 0.377E+03, 0.157E+04, 0.216E+05, 0.194E+04, 0.166E+05
1993,    91, 0.158E+02, 0.770E+04, 0.575E+04, 0.740E+04, 0.117E+05, 0.246E+04, 0.378E+03, 0.157E+04, 0.216E+05, 0.195E+04, 0.166E+05
1994,    91, 0.154E+02, 0.751E+04, 0.660E+04, 0.690E+04, 0.116E+05, 0.235E+04, 0.360E+03, 0.148E+04, 0.209E+05, 0.184E+04, 0.170E+05
1995,    91, 0.149E+02, 0.870E+04, 0.618E+04, 0.634E+04, 0.116E+05, 0.222E+04, 0.340E+03, 0.137E+04, 0.202E+05, 0.171E+04, 0.159E+05
1996,    91, 0.160E+02, 0.931E+04, 0.825E+04, 0.732E+04, 0.117E+05, 0.194E+04, 0.264E+04, 0.109E+04, 0.209E+05, 0.373E+04, 0.166E+05
1997,    91, 0.152E+02, 0.795E+04, 0.583E+04, 0.647E+04, 0.115E+05, 0.182E+04, 0.224E+04, 0.990E+03, 0.198E+05, 0.323E+04, 0.157E+05
1998,    91, 0.153E+02, 0.786E+04, 0.236E+04, 0.634E+04, 0.113E+05, 0.187E+04, 0.189E+03, 0.154E+04, 0.195E+05, 0.172E+04, 0.159E+05
1999,    91, 0.150E+02, 0.761E+04, 0.541E+04, 0.616E+04, 0.112E+05, 0.183E+04, 0.188E+03, 0.150E+04, 0.192E+05, 0.168E+04, 0.149E+05
2000,    91, 0.162E+02, 0.827E+04, 0.171E+04, 0.731E+04, 0.114E+05, 0.174E+04, 0.179E+03, 0.192E+04, 0.204E+05, 0.210E+04, 0.152E+05
1991,    51, 0.101E+01, 0.434E+03, 0.957E+03, 0.117E+04, 0.133E+03, 0.257E+03, 0.417E+02, 0.219E+03, 0.156E+04, 0.260E+03, 0.158E+04
1992,    51, 0.116E+01, 0.500E+03, 0.143E+04, 0.135E+04, 0.153E+03, 0.296E+03, 0.480E+02, 0.252E+03, 0.180E+04, 0.300E+03, 0.392E+04
1993,    51, 0.120E+01, 0.518E+03, 0.218E+04, 0.140E+04, 0.158E+03, 0.307E+03, 0.497E+02, 0.261E+03, 0.186E+04, 0.311E+03, 0.253E+04
1994,    51, 0.119E+01, 0.513E+03, 0.188E+04, 0.139E+04, 0.157E+03, 0.304E+03, 0.493E+02, 0.259E+03, 0.185E+04, 0.308E+03, 0.235E+04
1995,    51, 0.111E+01, 0.922E+03, 0.119E+04, 0.129E+04, 0.146E+03, 0.283E+03, 0.458E+02, 0.241E+03, 0.172E+04, 0.286E+03, 0.158E+04
1996,    51, 0.149E+01, 0.138E+04, 0.186E+04, 0.174E+04, 0.197E+03, 0.382E+03, 0.619E+02, 0.325E+03, 0.232E+04, 0.387E+03, 0.273E+04
1997,    51, 0.118E+01, 0.773E+03, 0.261E+04, 0.138E+04, 0.156E+03, 0.302E+03, 0.490E+02, 0.257E+03, 0.184E+04, 0.306E+03, 0.244E+04
1998,    51, 0.122E+01, 0.760E+03, 0.151E+04, 0.142E+04, 0.161E+03, 0.312E+03, 0.506E+02, 0.266E+03, 0.190E+04, 0.316E+03, 0.146E+04
1999,    51, 0.110E+01, 0.698E+03, 0.120E+04, 0.128E+04, 0.145E+03, 0.281E+03, 0.455E+02, 0.239E+03, 0.171E+04, 0.284E+03, 0.173E+04
2000,    51, 0.116E+01, 0.830E+03, 0.109E+04, 0.136E+04, 0.153E+03, 0.297E+03, 0.481E+02, 0.253E+03, 0.181E+04, 0.301E+03, 0.118E+04
1991,    68, 0.000E+00, 0.000E+00, 0.000E+00, 0.000E+00, 0.000E+00, 0.000E+00, 0.000E+00, 0.000E+00, 0.000E+00, 0.000E+00, 0.000E+00
1992,    68, 0.000E+00, 0.000E+00, 0.000E+00, 0.000E+00, 0.000E+00, 0.000E+00, 0.000E+00, 0.000E+00, 0.000E+00, 0.000E+00, 0.000E+00
1993,    68, 0.000E+00, 0.000E+00, 0.000E+00, 0.000E+00, 0.000E+00, 0.000E+00, 0.000E+00, 0.000E+00, 0.000E+00, 0.000E+00, 0.000E+00
1994,    68, 0.000E+00, 0.000E+00, 0.000E+00, 0.000E+00, 0.000E+00, 0.000E+00, 0.000E+00, 0.000E+00, 0.000E+00, 0.000E+00, 0.000E+00
1995,    68, 0.000E+00, 0.000E+00, 0.000E+00, 0.000E+00, 0.000E+00, 0.000E+00, 0.000E+00, 0.000E+00, 0.000E+00, 0.000E+00, 0.000E+00
1996,    68, 0.000E+00, 0.000E+00, 0.000E+00, 0.000E+00, 0.000E+00, 0.000E+00, 0.000E+00, 0.000E+00, 0.000E+00, 0.000E+00, 0.000E+00
1997,    68, 0.000E+00, 0.000E+00, 0.000E+00, 0.000E+00, 0.000E+00, 0.000E+00, 0.000E+00, 0.000E+00, 0.000E+00, 0.000E+00, 0.000E+00
1998,    68, 0.000E+00, 0.000E+00, 0.000E+00, 0.000E+00, 0.000E+00, 0.000E+00, 0.000E+00, 0.000E+00, 0.000E+00, 0.000E+00, 0.000E+00
1999,    68, 0.000E+00, 0.000E+00, 0.000E+00, 0.000E+00, 0.000E+00, 0.000E+00, 0.000E+00, 0.000E+00, 0.000E+00, 0.000E+00, 0.000E+00
2000,    68, 0.000E+00, 0.000E+00, 0.000E+00, 0.000E+00, 0.000E+00, 0.000E+00, 0.000E+00, 0.000E+00, 0.000E+00, 0.000E+00, 0.000E+00
1991,    54, 0.439E+02, 0.171E+05, 0.164E+05, 0.482E+05, 0.135E+05, 0.182E+05, 0.310E+03, 0.114E+05, 0.798E+05, 0.117E+05, 0.575E+05
1992,    54, 0.466E+02, 0.254E+05, 0.507E+05, 0.537E+05, 0.124E+05, 0.224E+05, 0.117E+04, 0.108E+05, 0.885E+05, 0.120E+05, 0.685E+05
1993,    54, 0.449E+02, 0.175E+05, 0.732E+05, 0.516E+05, 0.142E+05, 0.158E+05, 0.349E+04, 0.101E+05, 0.816E+05, 0.136E+05, 0.626E+05
1994,    54, 0.474E+02, 0.285E+05, 0.697E+05, 0.516E+05, 0.138E+05, 0.134E+05, 0.340E+04, 0.111E+05, 0.788E+05, 0.145E+05, 0.661E+05
1995,    54, 0.436E+02, 0.260E+05, 0.858E+05, 0.460E+05, 0.219E+05, 0.276E+05, 0.183E+04, 0.110E+05, 0.955E+05, 0.128E+05, 0.609E+05
1996,    54, 0.538E+02, 0.387E+05, 0.105E+06, 0.507E+05, 0.230E+05, 0.157E+05, 0.289E+04, 0.118E+05, 0.895E+05, 0.147E+05, 0.790E+05
1997,    54, 0.529E+02, 0.350E+05, 0.110E+06, 0.563E+05, 0.198E+05, 0.194E+05, 0.243E+04, 0.129E+05, 0.955E+05, 0.153E+05, 0.809E+05
1998,    54, 0.519E+02, 0.285E+05, 0.496E+05, 0.217E+05, 0.462E+05, 0.944E+04, 0.210E+04, 0.832E+04, 0.773E+05, 0.104E+05, 0.516E+05
1999,    54, 0.487E+02, 0.288E+05, 0.235E+05, 0.557E+04, 0.327E+05, 0.457E+04, 0.137E+04, 0.425E+04, 0.428E+05, 0.561E+04, 0.187E+05
2000,    54, 0.550E+02, 0.329E+05, 0.295E+05, 0.727E+04, 0.244E+05, 0.677E+04, 0.200E+04, 0.447E+04, 0.385E+05, 0.647E+04, 0.199E+05
1991,    33, 0.000E+00, 0.000E+00, 0.000E+00, 0.000E+00, 0.000E+00, 0.000E+00, 0.000E+00, 0.000E+00, 0.000E+00, 0.000E+00, 0.000E+00
1992,    33, 0.000E+00, 0.000E+00, 0.000E+00, 0.000E+00, 0.000E+00, 0.000E+00, 0.000E+00, 0.000E+00, 0.000E+00, 0.000E+00, 0.000E+00
1993,    33, 0.000E+00, 0.000E+00, 0.000E+00, 0.000E+00, 0.000E+00, 0.000E+00, 0.000E+00, 0.000E+00, 0.000E+00, 0.000E+00, 0.000E+00
1994,    33, 0.000E+00, 0.000E+00, 0.000E+00, 0.000E+00, 0.000E+00, 0.000E+00, 0.000E+00, 0.000E+00, 0.000E+00, 0.000E+00, 0.000E+00
1995,    33, 0.000E+00, 0.000E+00, 0.000E+00, 0.000E+00, 0.000E+00, 0.000E+00, 0.000E+00, 0.000E+00, 0.000E+00, 0.000E+00, 0.000E+00
1996,    33, 0.000E+00, 0.000E+00, 0.000E+00, 0.000E+00, 0.000E+00, 0.000E+00, 0.000E+00, 0.000E+00, 0.000E+00, 0.000E+00, 0.000E+00
1997,    33, 0.000E+00, 0.000E+00, 0.000E+00, 0.000E+00, 0.000E+00, 0.000E+00, 0.000E+00, 0.000E+00, 0.000E+00, 0.000E+00, 0.000E+00
1998,    33, 0.000E+00, 0.000E+00, 0.000E+00, 0.000E+00, 0.000E+00, 0.000E+00, 0.000E+00, 0.000E+00, 0.000E+00, 0.000E+00, 0.000E+00
1999,    33, 0.000E+00, 0.000E+00, 0.000E+00, 0.000E+00, 0.000E+00, 0.000E+00, 0.000E+00, 0.000E+00, 0.000E+00, 0.000E+00, 0.000E+00
2000,    33, 0.000E+00, 0.000E+00, 0.000E+00, 0.000E+00, 0.000E+00, 0.000E+00, 0.000E+00, 0.000E+00, 0.000E+00, 0.000E+00, 0.000E+00
1991,    80, 0.000E+00, 0.000E+00, 0.000E+00, 0.000E+00, 0.000E+00, 0.000E+00, 0.000E+00, 0.000E+00, 0.000E+00, 0.000E+00, 0.000E+00
1992,    80, 0.000E+00, 0.000E+00, 0.000E+00, 0.000E+00, 0.000E+00, 0.000E+00, 0.000E+00, 0.000E+00, 0.000E+00, 0.000E+00, 0.000E+00
1993,    80, 0.000E+00, 0.000E+00, 0.000E+00, 0.000E+00, 0.000E+00, 0.000E+00, 0.000E+00, 0.000E+00, 0.000E+00, 0.000E+00, 0.000E+00
1994,    80, 0.000E+00, 0.000E+00, 0.000E+00, 0.000E+00, 0.000E+00, 0.000E+00, 0.000E+00, 0.000E+00, 0.000E+00, 0.000E+00, 0.000E+00
1995,    80, 0.000E+00, 0.000E+00, 0.000E+00, 0.000E+00, 0.000E+00, 0.000E+00, 0.000E+00, 0.000E+00, 0.000E+00, 0.000E+00, 0.000E+00
1996,    80, 0.000E+00, 0.000E+00, 0.000E+00, 0.000E+00, 0.000E+00, 0.000E+00, 0.000E+00, 0.000E+00, 0.000E+00, 0.000E+00, 0.000E+00
1997,    80, 0.000E+00, 0.000E+00, 0.000E+00, 0.000E+00, 0.000E+00, 0.000E+00, 0.000E+00, 0.000E+00, 0.000E+00, 0.000E+00, 0.000E+00
1998,    80, 0.000E+00, 0.000E+00, 0.000E+00, 0.000E+00, 0.000E+00, 0.000E+00, 0.000E+00, 0.000E+00, 0.000E+00, 0.000E+00, 0.000E+00
1999,    80, 0.000E+00, 0.000E+00, 0.000E+00, 0.000E+00, 0.000E+00, 0.000E+00, 0.000E+00, 0.000E+00, 0.000E+00, 0.000E+00, 0.000E+00
2000,    80, 0.000E+00, 0.000E+00, 0.000E+00, 0.000E+00, 0.000E+00, 0.000E+00, 0.000E+00, 0.000E+00, 0.000E+00, 0.000E+00, 0.000E+00
1991,    50, 0.000E+00, 0.000E+00, 0.000E+00, 0.000E+00, 0.000E+00, 0.000E+00, 0.000E+00, 0.000E+00, 0.000E+00, 0.000E+00, 0.000E+00
1992,    50, 0.000E+00, 0.000E+00, 0.000E+00, 0.000E+00, 0.000E+00, 0.000E+00, 0.000E+00, 0.000E+00, 0.000E+00, 0.000E+00, 0.000E+00
1993,    50, 0.000E+00, 0.000E+00, 0.000E+00, 0.000E+00, 0.000E+00, 0.000E+00, 0.000E+00, 0.000E+00, 0.000E+00, 0.000E+00, 0.000E+00
1994,    50, 0.000E+00, 0.000E+00, 0.000E+00, 0.000E+00, 0.000E+00, 0.000E+00, 0.000E+00, 0.000E+00, 0.000E+00, 0.000E+00, 0.000E+00
1995,    50, 0.000E+00, 0.000E+00, 0.000E+00, 0.000E+00, 0.000E+00, 0.000E+00, 0.000E+00, 0.000E+00, 0.000E+00, 0.000E+00, 0.000E+00
1996,    50, 0.000E+00, 0.000E+00, 0.000E+00, 0.000E+00, 0.000E+00, 0.000E+00, 0.000E+00, 0.000E+00, 0.000E+00, 0.000E+00, 0.000E+00
1997,    50, 0.000E+00, 0.000E+00, 0.000E+00, 0.000E+00, 0.000E+00, 0.000E+00, 0.000E+00, 0.000E+00, 0.000E+00, 0.000E+00, 0.000E+00
1998,    50, 0.000E+00, 0.000E+00, 0.000E+00, 0.000E+00, 0.000E+00, 0.000E+00, 0.000E+00, 0.000E+00, 0.000E+00, 0.000E+00, 0.000E+00
1999,    50, 0.000E+00, 0.000E+00, 0.000E+00, 0.000E+00, 0.000E+00, 0.000E+00, 0.000E+00, 0.000E+00, 0.000E+00, 0.000E+00, 0.000E+00
2000,    50, 0.000E+00, 0.000E+00, 0.000E+00, 0.000E+00, 0.000E+00, 0.000E+00, 0.000E+00, 0.000E+00, 0.000E+00, 0.000E+00, 0.000E+00
1991,    58, 0.154E+02, 0.644E+04, 0.927E+04, 0.723E+03, 0.321E+04, 0.212E+04, 0.235E+03, 0.237E+03, 0.605E+04, 0.472E+03, 0.721E+04
1992,    58, 0.204E+02, 0.126E+05, 0.844E+04, 0.259E+04, 0.639E+04, 0.275E+04, 0.192E+03, 0.303E+03, 0.117E+05, 0.496E+03, 0.840E+04
1993,    58, 0.212E+02, 0.129E+05, 0.879E+04, 0.196E+04, 0.162E+05, 0.188E+04, 0.204E+03, 0.300E+03, 0.201E+05, 0.504E+03, 0.869E+04
1994,    58, 0.204E+02, 0.120E+05, 0.849E+04, 0.362E+04, 0.117E+05, 0.189E+04, 0.126E+03, 0.361E+03, 0.172E+05, 0.487E+03, 0.772E+04
1995,    58, 0.233E+02, 0.142E+05, 0.863E+04, 0.229E+04, 0.135E+05, 0.437E+04, 0.184E+03, 0.361E+03, 0.202E+05, 0.544E+03, 0.809E+04
1996,    58, 0.243E+02, 0.148E+05, 0.922E+04, 0.175E+04, 0.128E+05, 0.395E+04, 0.185E+03, 0.347E+03, 0.185E+05, 0.532E+03, 0.887E+04
1997,    58, 0.241E+02, 0.146E+05, 0.939E+04, 0.220E+04, 0.126E+05, 0.273E+04, 0.137E+03, 0.372E+03, 0.175E+05, 0.509E+03, 0.856E+04
1998,    58, 0.191E+02, 0.107E+05, 0.869E+04, 0.175E+04, 0.906E+04, 0.187E+04, 0.143E+03, 0.461E+03, 0.127E+05, 0.604E+03, 0.898E+04
1999,    58, 0.187E+02, 0.105E+05, 0.748E+04, 0.167E+04, 0.791E+04, 0.217E+04, 0.124E+03, 0.343E+03, 0.117E+05, 0.466E+03, 0.814E+04
2000,    58, 0.221E+02, 0.120E+05, 0.108E+05, 0.565E+04, 0.103E+05, 0.284E+04, 0.284E+03, 0.868E+03, 0.188E+05, 0.115E+04, 0.114E+05
1991,    17, 0.351E+02, 0.139E+05, 0.604E+05, 0.936E+04, 0.135E+05, 0.118E+05, 0.197E+04, 0.419E+04, 0.346E+05, 0.617E+04, 0.159E+06
1992,    17, 0.419E+02, 0.191E+05, 0.761E+05, 0.112E+05, 0.150E+05, 0.138E+05, 0.235E+04, 0.646E+04, 0.400E+05, 0.881E+04, 0.173E+06
1993,    17, 0.401E+02, 0.186E+05, 0.703E+05, 0.103E+05, 0.143E+05, 0.153E+05, 0.211E+04, 0.576E+04, 0.398E+05, 0.786E+04, 0.160E+06
1994,    17, 0.451E+02, 0.208E+05, 0.695E+05, 0.170E+05, 0.140E+05, 0.179E+05, 0.242E+04, 0.858E+04, 0.488E+05, 0.110E+05, 0.187E+06
1995,    17, 0.332E+02, 0.218E+05, 0.527E+05, 0.100E+05, 0.133E+05, 0.137E+05, 0.170E+04, 0.689E+04, 0.370E+05, 0.859E+04, 0.147E+06
1996,    17, 0.492E+02, 0.303E+05, 0.914E+05, 0.116E+05, 0.156E+05, 0.193E+05, 0.330E+04, 0.806E+04, 0.465E+05, 0.114E+05, 0.267E+06
1997,    17, 0.391E+02, 0.235E+05, 0.594E+05, 0.106E+05, 0.149E+05, 0.157E+05, 0.226E+04, 0.794E+04, 0.412E+05, 0.102E+05, 0.169E+06
1998,    17, 0.403E+02, 0.231E+05, 0.835E+05, 0.101E+05, 0.139E+05, 0.160E+05, 0.232E+04, 0.737E+04, 0.399E+05, 0.969E+04, 0.188E+06
1999,    17, 0.491E+02, 0.249E+05, 0.102E+06, 0.873E+04, 0.155E+05, 0.197E+05, 0.346E+04, 0.103E+05, 0.439E+05, 0.137E+05, 0.274E+06
2000,    17, 0.450E+02, 0.240E+05, 0.818E+05, 0.103E+05, 0.153E+05, 0.178E+05, 0.315E+04, 0.727E+04, 0.434E+05, 0.104E+05, 0.219E+06
1991,    95, 0.307E+01, 0.133E+04, 0.422E+04, 0.358E+04, 0.408E+03, 0.784E+03, 0.125E+03, 0.655E+03, 0.477E+04, 0.780E+03, 0.879E+04
1992,    95, 0.305E+01, 0.132E+04, 0.392E+04, 0.356E+04, 0.405E+03, 0.779E+03, 0.106E+03, 0.552E+03, 0.474E+04, 0.658E+03, 0.835E+04
1993,    95, 0.401E+01, 0.173E+04, 0.661E+04, 0.467E+04, 0.531E+03, 0.102E+04, 0.105E+03, 0.551E+03, 0.622E+04, 0.656E+03, 0.113E+05
1994,    95, 0.312E+01, 0.135E+04, 0.303E+04, 0.364E+04, 0.414E+03, 0.797E+03, 0.929E+02, 0.487E+03, 0.485E+04, 0.580E+03, 0.713E+04
1995,    95, 0.281E+01, 0.216E+04, 0.363E+04, 0.327E+04, 0.373E+03, 0.717E+03, 0.758E+02, 0.398E+03, 0.436E+04, 0.474E+03, 0.984E+04
1996,    95, 0.385E+01, 0.290E+04, 0.661E+04, 0.449E+04, 0.511E+03, 0.983E+03, 0.112E+03, 0.590E+03, 0.598E+04, 0.702E+03, 0.911E+04
1997,    95, 0.332E+01, 0.238E+04, 0.354E+04, 0.268E+04, 0.190E+04, 0.586E+03, 0.635E+02, 0.335E+03, 0.516E+04, 0.398E+03, 0.797E+04
1998,    95, 0.407E+01, 0.300E+04, 0.443E+04, 0.299E+04, 0.268E+04, 0.655E+03, 0.879E+02, 0.466E+03, 0.632E+04, 0.554E+03, 0.889E+04
1999,    95, 0.343E+01, 0.231E+04, 0.476E+04, 0.262E+04, 0.213E+04, 0.574E+03, 0.864E+02, 0.457E+03, 0.532E+04, 0.544E+03, 0.864E+04
2000,    95, 0.371E+01, 0.252E+04, 0.614E+04, 0.200E+04, 0.200E+04, 0.175E+04, 0.888E+02, 0.472E+03, 0.575E+04, 0.561E+03, 0.102E+05
1991,    90, 0.000E+00, 0.000E+00, 0.000E+00, 0.000E+00, 0.000E+00, 0.000E+00, 0.000E+00, 0.000E+00, 0.000E+00, 0.000E+00, 0.000E+00
1992,    90, 0.000E+00, 0.000E+00, 0.000E+00, 0.000E+00, 0.000E+00, 0.000E+00, 0.000E+00, 0.000E+00, 0.000E+00, 0.000E+00, 0.000E+00
1993,    90, 0.000E+00, 0.000E+00, 0.000E+00, 0.000E+00, 0.000E+00, 0.000E+00, 0.000E+00, 0.000E+00, 0.000E+00, 0.000E+00, 0.000E+00
1994,    90, 0.000E+00, 0.000E+00, 0.000E+00, 0.000E+00, 0.000E+00, 0.000E+00, 0.000E+00, 0.000E+00, 0.000E+00, 0.000E+00, 0.000E+00
1995,    90, 0.000E+00, 0.000E+00, 0.000E+00, 0.000E+00, 0.000E+00, 0.000E+00, 0.000E+00, 0.000E+00, 0.000E+00, 0.000E+00, 0.000E+00
1996,    90, 0.000E+00, 0.000E+00, 0.000E+00, 0.000E+00, 0.000E+00, 0.000E+00, 0.000E+00, 0.000E+00, 0.000E+00, 0.000E+00, 0.000E+00
1997,    90, 0.000E+00, 0.000E+00, 0.000E+00, 0.000E+00, 0.000E+00, 0.000E+00, 0.000E+00, 0.000E+00, 0.000E+00, 0.000E+00, 0.000E+00
1998,    90, 0.000E+00, 0.000E+00, 0.000E+00, 0.000E+00, 0.000E+00, 0.000E+00, 0.000E+00, 0.000E+00, 0.000E+00, 0.000E+00, 0.000E+00
1999,    90, 0.000E+00, 0.000E+00, 0.000E+00, 0.000E+00, 0.000E+00, 0.000E+00, 0.000E+00, 0.000E+00, 0.000E+00, 0.000E+00, 0.000E+00
2000,    90, 0.000E+00, 0.000E+00, 0.000E+00, 0.000E+00, 0.000E+00, 0.000E+00, 0.000E+00, 0.000E+00, 0.000E+00, 0.000E+00, 0.000E+00
1991,    15, 0.000E+00, 0.000E+00, 0.000E+00, 0.000E+00, 0.000E+00, 0.000E+00, 0.000E+00, 0.000E+00, 0.000E+00, 0.000E+00, 0.000E+00
1992,    15, 0.000E+00, 0.000E+00, 0.000E+00, 0.000E+00, 0.000E+00, 0.000E+00, 0.000E+00, 0.000E+00, 0.000E+00, 0.000E+00, 0.000E+00
1993,    15, 0.000E+00, 0.000E+00, 0.000E+00, 0.000E+00, 0.000E+00, 0.000E+00, 0.000E+00, 0.000E+00, 0.000E+00, 0.000E+00, 0.000E+00
1994,    15, 0.000E+00, 0.000E+00, 0.000E+00, 0.000E+00, 0.000E+00, 0.000E+00, 0.000E+00, 0.000E+00, 0.000E+00, 0.000E+00, 0.000E+00
1995,    15, 0.000E+00, 0.000E+00, 0.000E+00, 0.000E+00, 0.000E+00, 0.000E+00, 0.000E+00, 0.000E+00, 0.000E+00, 0.000E+00, 0.000E+00
1996,    15, 0.000E+00, 0.000E+00, 0.000E+00, 0.000E+00, 0.000E+00, 0.000E+00, 0.000E+00, 0.000E+00, 0.000E+00, 0.000E+00, 0.000E+00
1997,    15, 0.000E+00, 0.000E+00, 0.000E+00, 0.000E+00, 0.000E+00, 0.000E+00, 0.000E+00, 0.000E+00, 0.000E+00, 0.000E+00, 0.000E+00
1998,    15, 0.000E+00, 0.000E+00, 0.000E+00, 0.000E+00, 0.000E+00, 0.000E+00, 0.000E+00, 0.000E+00, 0.000E+00, 0.000E+00, 0.000E+00
1999,    15, 0.000E+00, 0.000E+00, 0.000E+00, 0.000E+00, 0.000E+00, 0.000E+00, 0.000E+00, 0.000E+00, 0.000E+00, 0.000E+00, 0.000E+00
2000,    15, 0.000E+00, 0.000E+00, 0.000E+00, 0.000E+00, 0.000E+00, 0.000E+00, 0.000E+00, 0.000E+00, 0.000E+00, 0.000E+00, 0.000E+00
1991,    14, 0.141E+02, 0.618E+04, 0.770E+04, 0.496E+04, 0.411E+05, 0.420E+04, 0.291E+04, 0.712E+04, 0.503E+05, 0.100E+05, 0.858E+04
1992,    14, 0.111E+02, 0.474E+04, 0.739E+04, 0.697E+04, 0.604E+05, 0.611E+04, 0.275E+04, 0.673E+04, 0.735E+05, 0.948E+04, 0.742E+04
1993,    14, 0.125E+02, 0.535E+04, 0.713E+04, 0.750E+04, 0.664E+05, 0.668E+04, 0.427E+04, 0.105E+05, 0.806E+05, 0.147E+05, 0.722E+04
1994,    14, 0.157E+02, 0.674E+04, 0.116E+05, 0.138E+05, 0.142E+06, 0.138E+05, 0.783E+04, 0.192E+05, 0.170E+06, 0.270E+05, 0.140E+05
1995,    14, 0.157E+02, 0.667E+04, 0.966E+04, 0.126E+05, 0.126E+06, 0.123E+05, 0.771E+04, 0.189E+05, 0.151E+06, 0.266E+05, 0.116E+05
1996,    14, 0.151E+02, 0.652E+04, 0.118E+05, 0.633E+04, 0.505E+05, 0.521E+04, 0.704E+04, 0.172E+05, 0.620E+05, 0.243E+05, 0.142E+05
1997,    14, 0.154E+02, 0.665E+04, 0.124E+05, 0.134E+05, 0.142E+06, 0.137E+05, 0.601E+04, 0.147E+05, 0.169E+06, 0.207E+05, 0.150E+05
1998,    14, 0.165E+02, 0.712E+04, 0.101E+05, 0.108E+04, 0.170E+06, 0.877E+03, 0.539E+04, 0.132E+05, 0.172E+06, 0.186E+05, 0.147E+05
1999,    14, 0.168E+02, 0.725E+04, 0.874E+04, 0.105E+04, 0.155E+06, 0.838E+03, 0.620E+04, 0.152E+05, 0.157E+06, 0.213E+05, 0.156E+05
2000,    14, 0.179E+02, 0.773E+04, 0.701E+04, 0.972E+03, 0.120E+06, 0.737E+03, 0.625E+04, 0.153E+05, 0.121E+06, 0.215E+05, 0.123E+05
1991,    31, 0.144E+03, 0.767E+05, 0.238E+06, 0.125E+06, 0.982E+04, 0.270E+05, 0.758E+04, 0.177E+05, 0.162E+06, 0.253E+05, 0.310E+06
1992,    31, 0.151E+03, 0.754E+05, 0.250E+06, 0.141E+06, 0.104E+05, 0.304E+05, 0.805E+04, 0.187E+05, 0.182E+06, 0.268E+05, 0.325E+06
1993,    31, 0.163E+03, 0.750E+05, 0.272E+06, 0.130E+06, 0.998E+04, 0.279E+05, 0.800E+04, 0.187E+05, 0.168E+06, 0.267E+05, 0.352E+06
1994,    31, 0.191E+03, 0.810E+05, 0.300E+06, 0.130E+06, 0.100E+05, 0.281E+05, 0.779E+04, 0.176E+05, 0.168E+06, 0.254E+05, 0.402E+06
1995,    31, 0.190E+03, 0.837E+05, 0.290E+06, 0.108E+06, 0.916E+04, 0.233E+05, 0.681E+04, 0.146E+05, 0.140E+06, 0.214E+05, 0.397E+06
1996,    31, 0.227E+03, 0.100E+06, 0.310E+06, 0.120E+06, 0.117E+05, 0.261E+05, 0.722E+04, 0.155E+05, 0.157E+06, 0.227E+05, 0.475E+06
1997,    31, 0.219E+03, 0.991E+05, 0.314E+06, 0.120E+06, 0.117E+05, 0.266E+05, 0.702E+04, 0.187E+05, 0.158E+06, 0.257E+05, 0.447E+06
1998,    31, 0.249E+03, 0.114E+06, 0.251E+06, 0.801E+05, 0.146E+06, 0.230E+05, 0.678E+04, 0.223E+05, 0.249E+06, 0.291E+05, 0.497E+06
1999,    31, 0.225E+03, 0.104E+06, 0.105E+06, 0.575E+05, 0.118E+06, 0.209E+05, 0.570E+04, 0.211E+05, 0.196E+06, 0.268E+05, 0.159E+06
2000,    31, 0.256E+03, 0.120E+06, 0.988E+05, 0.586E+05, 0.127E+06, 0.251E+05, 0.547E+04, 0.237E+05, 0.211E+06, 0.292E+05, 0.167E+06
1991,    12, 0.598E+01, 0.273E+04, 0.109E+05, 0.508E+04, 0.473E+04, 0.150E+04, 0.489E+03, 0.120E+04, 0.113E+05, 0.169E+04, 0.227E+05
1992,    12, 0.633E+01, 0.274E+04, 0.116E+05, 0.552E+04, 0.476E+04, 0.159E+04, 0.511E+03, 0.125E+04, 0.119E+05, 0.176E+04, 0.235E+05
1993,    12, 0.612E+01, 0.270E+04, 0.111E+05, 0.521E+04, 0.474E+04, 0.153E+04, 0.493E+03, 0.121E+04, 0.115E+05, 0.170E+04, 0.229E+05
1994,    12, 0.614E+01, 0.271E+04, 0.960E+04, 0.529E+04, 0.474E+04, 0.154E+04, 0.498E+03, 0.122E+04, 0.116E+05, 0.172E+04, 0.206E+05
1995,    12, 0.542E+01, 0.269E+04, 0.833E+04, 0.433E+04, 0.471E+04, 0.134E+04, 0.445E+03, 0.109E+04, 0.104E+05, 0.153E+04, 0.191E+05
1996,    12, 0.637E+01, 0.264E+04, 0.998E+04, 0.556E+04, 0.476E+04, 0.160E+04, 0.509E+03, 0.125E+04, 0.119E+05, 0.175E+04, 0.211E+05
1997,    12, 0.569E+01, 0.235E+04, 0.879E+04, 0.467E+04, 0.472E+04, 0.141E+04, 0.460E+03, 0.113E+04, 0.108E+05, 0.159E+04, 0.196E+05
1998,    12, 0.630E+01, 0.261E+04, 0.768E+04, 0.289E+04, 0.789E+04, 0.105E+04, 0.512E+03, 0.125E+04, 0.118E+05, 0.177E+04, 0.210E+05
1999,    12, 0.603E+01, 0.249E+04, 0.448E+04, 0.281E+04, 0.757E+04, 0.999E+03, 0.490E+03, 0.120E+04, 0.114E+05, 0.169E+04, 0.142E+05
2000,    12, 0.619E+01, 0.256E+04, 0.528E+04, 0.284E+04, 0.779E+04, 0.101E+04, 0.500E+03, 0.122E+04, 0.116E+05, 0.172E+04, 0.150E+05
1991,    23, 0.513E+01, 0.200E+04, 0.186E+04, 0.356E+03, 0.600E+03, 0.121E+03, 0.404E+02, 0.963E+02, 0.108E+04, 0.137E+03, 0.238E+05
1992,    23, 0.515E+01, 0.201E+04, 0.187E+04, 0.360E+03, 0.602E+03, 0.122E+03, 0.406E+02, 0.969E+02, 0.108E+04, 0.138E+03, 0.239E+05
1993,    23, 0.514E+01, 0.201E+04, 0.187E+04, 0.362E+03, 0.601E+03, 0.123E+03, 0.407E+02, 0.970E+02, 0.109E+04, 0.138E+03, 0.238E+05
1994,    23, 0.514E+01, 0.201E+04, 0.188E+04, 0.365E+03, 0.601E+03, 0.123E+03, 0.408E+02, 0.974E+02, 0.109E+04, 0.138E+03, 0.238E+05
1995,    23, 0.514E+01, 0.201E+04, 0.189E+04, 0.369E+03, 0.601E+03, 0.124E+03, 0.412E+02, 0.983E+02, 0.109E+04, 0.139E+03, 0.238E+05
1996,    23, 0.518E+01, 0.202E+04, 0.194E+04, 0.385E+03, 0.603E+03, 0.128E+03, 0.437E+02, 0.104E+03, 0.112E+04, 0.148E+03, 0.239E+05
1997,    23, 0.516E+01, 0.202E+04, 0.194E+04, 0.387E+03, 0.602E+03, 0.128E+03, 0.437E+02, 0.104E+03, 0.112E+04, 0.148E+03, 0.238E+05
1998,    23, 0.517E+01, 0.202E+04, 0.195E+04, 0.390E+03, 0.602E+03, 0.129E+03, 0.438E+02, 0.105E+03, 0.112E+04, 0.149E+03, 0.238E+05
1999,    23, 0.517E+01, 0.202E+04, 0.195E+04, 0.393E+03, 0.602E+03, 0.129E+03, 0.440E+02, 0.105E+03, 0.112E+04, 0.149E+03, 0.239E+05
2000,    23, 0.519E+01, 0.203E+04, 0.196E+04, 0.398E+03, 0.604E+03, 0.130E+03, 0.443E+02, 0.106E+03, 0.113E+04, 0.150E+03, 0.239E+05
1991,    25, 0.317E+04, 0.276E+07, 0.565E+07, 0.458E+07, 0.840E+06, 0.109E+07, 0.151E+06, 0.326E+06, 0.651E+07, 0.477E+06, 0.933E+07
1992,    25, 0.331E+04, 0.249E+07, 0.583E+07, 0.474E+07, 0.105E+07, 0.114E+07, 0.145E+06, 0.288E+06, 0.693E+07, 0.433E+06, 0.912E+07
1993,    25, 0.356E+04, 0.272E+07, 0.639E+07, 0.499E+07, 0.112E+07, 0.122E+07, 0.136E+06, 0.268E+06, 0.732E+07, 0.404E+06, 0.101E+08
1994,    25, 0.364E+04, 0.260E+07, 0.648E+07, 0.503E+07, 0.850E+06, 0.119E+07, 0.128E+06, 0.262E+06, 0.707E+07, 0.390E+06, 0.101E+08
1995,    25, 0.336E+04, 0.263E+07, 0.605E+07, 0.390E+07, 0.946E+06, 0.941E+06, 0.103E+06, 0.203E+06, 0.579E+07, 0.306E+06, 0.929E+07
1996,    25, 0.373E+04, 0.260E+07, 0.671E+07, 0.377E+07, 0.847E+06, 0.930E+06, 0.111E+06, 0.212E+06, 0.555E+07, 0.324E+06, 0.105E+08
1997,    25, 0.340E+04, 0.249E+07, 0.594E+07, 0.322E+07, 0.723E+06, 0.771E+06, 0.105E+06, 0.206E+06, 0.471E+07, 0.311E+06, 0.937E+07
1998,    25, 0.365E+04, 0.259E+07, 0.535E+07, 0.126E+07, 0.194E+07, 0.788E+06, 0.100E+06, 0.198E+06, 0.398E+07, 0.298E+06, 0.104E+08
1999,    25, 0.343E+04, 0.249E+07, 0.322E+07, 0.109E+07, 0.190E+07, 0.639E+06, 0.902E+05, 0.171E+06, 0.364E+07, 0.262E+06, 0.760E+07
2000,    25, 0.350E+04, 0.255E+07, 0.174E+07, 0.102E+07, 0.197E+07, 0.551E+06, 0.950E+05, 0.185E+06, 0.354E+07, 0.280E+06, 0.537E+07
1991,    18, 0.736E+01, 0.118E+05, 0.473E+05, 0.151E+05, 0.990E+04, 0.480E+04, 0.633E+03, 0.167E+04, 0.298E+05, 0.230E+04, 0.411E+05
1992,    18, 0.755E+01, 0.119E+05, 0.473E+05, 0.159E+05, 0.102E+05, 0.504E+04, 0.643E+03, 0.169E+04, 0.312E+05, 0.233E+04, 0.418E+05
1993,    18, 0.754E+01, 0.120E+05, 0.469E+05, 0.165E+05, 0.105E+05, 0.525E+04, 0.643E+03, 0.169E+04, 0.323E+05, 0.233E+04, 0.420E+05
1994,    18, 0.786E+01, 0.121E+05, 0.471E+05, 0.174E+05, 0.108E+05, 0.552E+04, 0.656E+03, 0.172E+04, 0.338E+05, 0.238E+04, 0.430E+05
1995,    18, 0.803E+01, 0.121E+05, 0.470E+05, 0.163E+05, 0.111E+05, 0.537E+04, 0.686E+03, 0.179E+04, 0.327E+05, 0.248E+04, 0.437E+05
1996,    18, 0.868E+01, 0.124E+05, 0.466E+05, 0.163E+05, 0.114E+05, 0.544E+04, 0.634E+03, 0.162E+04, 0.331E+05, 0.225E+04, 0.454E+05
1997,    18, 0.824E+01, 0.123E+05, 0.458E+05, 0.170E+05, 0.117E+05, 0.568E+04, 0.607E+03, 0.154E+04, 0.344E+05, 0.214E+04, 0.447E+05
1998,    18, 0.877E+01, 0.127E+05, 0.428E+05, 0.154E+05, 0.140E+05, 0.559E+04, 0.643E+03, 0.165E+04, 0.350E+05, 0.229E+04, 0.462E+05
1999,    18, 0.904E+01, 0.129E+05, 0.407E+05, 0.160E+05, 0.139E+05, 0.576E+04, 0.840E+03, 0.215E+04, 0.357E+05, 0.299E+04, 0.430E+05
2000,    18, 0.858E+01, 0.127E+05, 0.385E+05, 0.167E+05, 0.143E+05, 0.617E+04, 0.692E+03, 0.179E+04, 0.372E+05, 0.248E+04, 0.383E+05
1991,     4, 0.180E+02, 0.740E+04, 0.555E+04, 0.364E+04, 0.160E+04, 0.886E+03, 0.248E+03, 0.632E+03, 0.612E+04, 0.880E+03, 0.527E+05
1992,     4, 0.184E+02, 0.732E+04, 0.627E+04, 0.418E+04, 0.162E+04, 0.100E+04, 0.274E+03, 0.697E+03, 0.680E+04, 0.971E+03, 0.537E+05
1993,     4, 0.159E+02, 0.627E+04, 0.196E+04, 0.971E+03, 0.150E+04, 0.319E+03, 0.119E+03, 0.316E+03, 0.279E+04, 0.434E+03, 0.482E+05
1994,     4, 0.160E+02, 0.627E+04, 0.223E+04, 0.109E+04, 0.150E+04, 0.344E+03, 0.124E+03, 0.330E+03, 0.293E+04, 0.454E+03, 0.485E+05
1995,     4, 0.159E+02, 0.627E+04, 0.196E+04, 0.577E+03, 0.148E+04, 0.235E+03, 0.118E+03, 0.314E+03, 0.229E+04, 0.432E+03, 0.482E+05
1996,     4, 0.161E+02, 0.629E+04, 0.219E+04, 0.665E+03, 0.149E+04, 0.254E+03, 0.129E+03, 0.342E+03, 0.241E+04, 0.471E+03, 0.487E+05
1997,     4, 0.160E+02, 0.623E+04, 0.209E+04, 0.822E+03, 0.149E+04, 0.287E+03, 0.111E+03, 0.285E+03, 0.260E+04, 0.396E+03, 0.484E+05
1998,     4, 0.161E+02, 0.627E+04, 0.210E+04, 0.204E+03, 0.238E+04, 0.226E+03, 0.124E+03, 0.310E+03, 0.281E+04, 0.434E+03, 0.486E+05
1999,     4, 0.159E+02, 0.623E+04, 0.225E+04, 0.212E+03, 0.249E+04, 0.236E+03, 0.114E+03, 0.303E+03, 0.293E+04, 0.417E+03, 0.485E+05
2000,     4, 0.160E+02, 0.626E+04, 0.138E+04, 0.176E+03, 0.204E+04, 0.194E+03, 0.108E+03, 0.278E+03, 0.241E+04, 0.386E+03, 0.479E+05
1991,    74, 0.236E+03, 0.102E+06, 0.435E+06, 0.140E+05, 0.249E+04, 0.304E+06, 0.144E+05, 0.353E+05, 0.321E+06, 0.497E+05, 0.605E+06
1992,    74, 0.292E+03, 0.127E+06, 0.542E+06, 0.135E+05, 0.248E+04, 0.302E+06, 0.116E+05, 0.238E+05, 0.318E+06, 0.354E+05, 0.747E+06
1993,    74, 0.308E+03, 0.134E+06, 0.572E+06, 0.136E+05, 0.247E+04, 0.319E+06, 0.122E+05, 0.251E+05, 0.335E+06, 0.373E+05, 0.786E+06
1994,    74, 0.311E+03, 0.134E+06, 0.576E+06, 0.140E+05, 0.278E+04, 0.245E+06, 0.130E+05, 0.267E+05, 0.262E+06, 0.397E+05, 0.791E+06
1995,    74, 0.318E+03, 0.137E+06, 0.588E+06, 0.160E+05, 0.345E+04, 0.213E+06, 0.127E+05, 0.260E+05, 0.233E+06, 0.387E+05, 0.808E+06
1996,    74, 0.328E+03, 0.141E+06, 0.606E+06, 0.186E+05, 0.352E+04, 0.293E+06, 0.131E+05, 0.269E+05, 0.315E+06, 0.399E+05, 0.831E+06
1997,    74, 0.339E+03, 0.146E+06, 0.628E+06, 0.157E+05, 0.341E+04, 0.293E+06, 0.135E+05, 0.276E+05, 0.312E+06, 0.411E+05, 0.859E+06
1998,    74, 0.324E+03, 0.140E+06, 0.599E+06, 0.136E+06, 0.428E+05, 0.125E+06, 0.150E+05, 0.244E+05, 0.304E+06, 0.394E+05, 0.823E+06
1999,    74, 0.317E+03, 0.137E+06, 0.586E+06, 0.180E+06, 0.464E+05, 0.156E+06, 0.173E+05, 0.397E+05, 0.382E+06, 0.570E+05, 0.803E+06
2000,    74, 0.317E+03, 0.137E+06, 0.581E+06, 0.687E+05, 0.282E+05, 0.589E+05, 0.112E+05, 0.231E+05, 0.156E+06, 0.343E+05, 0.800E+06
1991,    73, 0.448E-01, 0.174E+02, 0.116E+03, 0.182E+03, 0.221E+04, 0.208E+03, 0.824E+02, 0.192E+03, 0.260E+04, 0.275E+03, 0.346E+03
1992,    73, 0.449E-01, 0.175E+02, 0.116E+03, 0.183E+03, 0.222E+04, 0.209E+03, 0.826E+02, 0.193E+03, 0.261E+04, 0.275E+03, 0.347E+03
1993,    73, 0.448E-01, 0.174E+02, 0.116E+03, 0.182E+03, 0.221E+04, 0.208E+03, 0.824E+02, 0.192E+03, 0.260E+04, 0.275E+03, 0.346E+03
1994,    73, 0.448E-01, 0.174E+02, 0.116E+03, 0.182E+03, 0.221E+04, 0.208E+03, 0.824E+02, 0.192E+03, 0.260E+04, 0.275E+03, 0.346E+03
1995,    73, 0.448E-01, 0.174E+02, 0.116E+03, 0.182E+03, 0.221E+04, 0.208E+03, 0.824E+02, 0.192E+03, 0.260E+04, 0.275E+03, 0.346E+03
1996,    73, 0.449E-01, 0.175E+02, 0.116E+03, 0.183E+03, 0.222E+04, 0.209E+03, 0.826E+02, 0.193E+03, 0.261E+04, 0.275E+03, 0.347E+03
1997,    73, 0.448E-01, 0.174E+02, 0.116E+03, 0.182E+03, 0.221E+04, 0.208E+03, 0.824E+02, 0.192E+03, 0.260E+04, 0.275E+03, 0.346E+03
1998,    73, 0.448E-01, 0.174E+02, 0.116E+03, 0.182E+03, 0.221E+04, 0.208E+03, 0.824E+02, 0.192E+03, 0.260E+04, 0.275E+03, 0.346E+03
1999,    73, 0.448E-01, 0.174E+02, 0.116E+03, 0.182E+03, 0.221E+04, 0.208E+03, 0.824E+02, 0.192E+03, 0.260E+04, 0.275E+03, 0.346E+03
2000,    73, 0.449E-01, 0.175E+02, 0.116E+03, 0.183E+03, 0.222E+04, 0.209E+03, 0.826E+02, 0.193E+03, 0.261E+04, 0.275E+03, 0.347E+03
1991,    69, 0.661E+01, 0.257E+04, 0.272E+04, 0.730E+03, 0.879E+04, 0.828E+03, 0.338E+03, 0.789E+03, 0.103E+05, 0.113E+04, 0.268E+04
1992,    69, 0.663E+01, 0.258E+04, 0.272E+04, 0.732E+03, 0.881E+04, 0.831E+03, 0.339E+03, 0.791E+03, 0.104E+05, 0.113E+04, 0.269E+04
1993,    69, 0.661E+01, 0.257E+04, 0.272E+04, 0.730E+03, 0.879E+04, 0.828E+03, 0.338E+03, 0.789E+03, 0.103E+05, 0.113E+04, 0.268E+04
1994,    69, 0.661E+01, 0.257E+04, 0.272E+04, 0.730E+03, 0.879E+04, 0.828E+03, 0.338E+03, 0.789E+03, 0.103E+05, 0.113E+04, 0.268E+04
1995,    69, 0.661E+01, 0.257E+04, 0.272E+04, 0.730E+03, 0.879E+04, 0.828E+03, 0.338E+03, 0.789E+03, 0.103E+05, 0.113E+04, 0.268E+04
1996,    69, 0.663E+01, 0.258E+04, 0.273E+04, 0.732E+03, 0.881E+04, 0.831E+03, 0.339E+03, 0.791E+03, 0.104E+05, 0.113E+04, 0.269E+04
1997,    69, 0.661E+01, 0.257E+04, 0.272E+04, 0.730E+03, 0.879E+04, 0.829E+03, 0.338E+03, 0.789E+03, 0.103E+05, 0.113E+04, 0.268E+04
1998,    69, 0.782E+01, 0.319E+04, 0.584E+04, 0.166E+04, 0.882E+04, 0.103E+04, 0.519E+03, 0.123E+04, 0.115E+05, 0.175E+04, 0.424E+04
1999,    69, 0.821E+01, 0.340E+04, 0.686E+04, 0.197E+04, 0.884E+04, 0.109E+04, 0.578E+03, 0.138E+04, 0.119E+05, 0.196E+04, 0.475E+04
2000,    69, 0.824E+01, 0.341E+04, 0.688E+04, 0.197E+04, 0.886E+04, 0.109E+04, 0.580E+03, 0.138E+04, 0.119E+05, 0.196E+04, 0.477E+04
1991,    20, 0.295E+03, 0.155E+06, 0.461E+06, 0.389E+06, 0.169E+06, 0.944E+05, 0.465E+05, 0.114E+06, 0.652E+06, 0.160E+06, 0.637E+06
1992,    20, 0.315E+03, 0.154E+06, 0.501E+06, 0.445E+06, 0.308E+06, 0.117E+06, 0.334E+05, 0.818E+05, 0.870E+06, 0.115E+06, 0.698E+06
1993,    20, 0.330E+03, 0.154E+06, 0.536E+06, 0.416E+06, 0.182E+06, 0.101E+06, 0.297E+05, 0.679E+05, 0.699E+06, 0.977E+05, 0.742E+06
1994,    20, 0.322E+03, 0.162E+06, 0.533E+06, 0.427E+06, 0.344E+06, 0.116E+06, 0.425E+05, 0.994E+05, 0.887E+06, 0.142E+06, 0.698E+06
1995,    20, 0.299E+03, 0.163E+06, 0.457E+06, 0.446E+06, 0.289E+06, 0.115E+06, 0.427E+05, 0.101E+06, 0.850E+06, 0.144E+06, 0.592E+06
1996,    20, 0.320E+03, 0.140E+06, 0.511E+06, 0.622E+06, 0.273E+05, 0.132E+06, 0.252E+05, 0.572E+05, 0.782E+06, 0.824E+05, 0.660E+06
1997,    20, 0.271E+03, 0.119E+06, 0.433E+06, 0.344E+06, 0.174E+06, 0.955E+05, 0.113E+05, 0.241E+05, 0.613E+06, 0.354E+05, 0.565E+06
1998,    20, 0.261E+03, 0.114E+06, 0.449E+06, 0.392E+05, 0.339E+06, 0.342E+05, 0.103E+05, 0.220E+05, 0.413E+06, 0.323E+05, 0.557E+06
1999,    20, 0.266E+03, 0.117E+06, 0.250E+06, 0.439E+05, 0.361E+06, 0.368E+05, 0.116E+05, 0.248E+05, 0.442E+06, 0.364E+05, 0.230E+06
2000,    20, 0.258E+03, 0.113E+06, 0.337E+06, 0.470E+05, 0.397E+06, 0.402E+05, 0.122E+05, 0.259E+05, 0.484E+06, 0.380E+05, 0.293E+06
1991,    36, 0.000E+00, 0.000E+00, 0.000E+00, 0.000E+00, 0.000E+00, 0.000E+00, 0.000E+00, 0.000E+00, 0.000E+00, 0.000E+00, 0.000E+00
1992,    36, 0.000E+00, 0.000E+00, 0.000E+00, 0.000E+00, 0.000E+00, 0.000E+00, 0.000E+00, 0.000E+00, 0.000E+00, 0.000E+00, 0.000E+00
1993,    36, 0.000E+00, 0.000E+00, 0.000E+00, 0.000E+00, 0.000E+00, 0.000E+00, 0.000E+00, 0.000E+00, 0.000E+00, 0.000E+00, 0.000E+00
1994,    36, 0.000E+00, 0.000E+00, 0.000E+00, 0.000E+00, 0.000E+00, 0.000E+00, 0.000E+00, 0.000E+00, 0.000E+00, 0.000E+00, 0.000E+00
1995,    36, 0.000E+00, 0.000E+00, 0.000E+00, 0.000E+00, 0.000E+00, 0.000E+00, 0.000E+00, 0.000E+00, 0.000E+00, 0.000E+00, 0.000E+00
1996,    36, 0.000E+00, 0.000E+00, 0.000E+00, 0.000E+00, 0.000E+00, 0.000E+00, 0.000E+00, 0.000E+00, 0.000E+00, 0.000E+00, 0.000E+00
1997,    36, 0.000E+00, 0.000E+00, 0.000E+00, 0.000E+00, 0.000E+00, 0.000E+00, 0.000E+00, 0.000E+00, 0.000E+00, 0.000E+00, 0.000E+00
1998,    36, 0.000E+00, 0.000E+00, 0.000E+00, 0.000E+00, 0.000E+00, 0.000E+00, 0.000E+00, 0.000E+00, 0.000E+00, 0.000E+00, 0.000E+00
1999,    36, 0.000E+00, 0.000E+00, 0.000E+00, 0.000E+00, 0.000E+00, 0.000E+00, 0.000E+00, 0.000E+00, 0.000E+00, 0.000E+00, 0.000E+00
2000,    36, 0.000E+00, 0.000E+00, 0.000E+00, 0.000E+00, 0.000E+00, 0.000E+00, 0.000E+00, 0.000E+00, 0.000E+00, 0.000E+00, 0.000E+00
1991,    16, 0.141E+00, 0.562E+02, 0.366E+03, 0.583E+03, 0.659E+04, 0.629E+03, 0.247E+03, 0.577E+03, 0.781E+04, 0.824E+03, 0.933E+03
1992,    16, 0.142E+00, 0.565E+02, 0.368E+03, 0.585E+03, 0.661E+04, 0.631E+03, 0.248E+03, 0.578E+03, 0.783E+04, 0.826E+03, 0.936E+03
1993,    16, 0.142E+00, 0.565E+02, 0.368E+03, 0.584E+03, 0.659E+04, 0.629E+03, 0.247E+03, 0.577E+03, 0.781E+04, 0.824E+03, 0.935E+03
1994,    16, 0.142E+00, 0.566E+02, 0.368E+03, 0.584E+03, 0.659E+04, 0.629E+03, 0.247E+03, 0.577E+03, 0.781E+04, 0.824E+03, 0.935E+03
1995,    16, 0.143E+00, 0.568E+02, 0.369E+03, 0.584E+03, 0.659E+04, 0.629E+03, 0.247E+03, 0.577E+03, 0.781E+04, 0.824E+03, 0.936E+03
1996,    16, 0.143E+00, 0.571E+02, 0.371E+03, 0.586E+03, 0.661E+04, 0.631E+03, 0.248E+03, 0.579E+03, 0.783E+04, 0.827E+03, 0.939E+03
1997,    16, 0.143E+00, 0.570E+02, 0.371E+03, 0.585E+03, 0.659E+04, 0.629E+03, 0.247E+03, 0.577E+03, 0.781E+04, 0.824E+03, 0.937E+03
1998,    16, 0.143E+00, 0.572E+02, 0.372E+03, 0.586E+03, 0.659E+04, 0.630E+03, 0.247E+03, 0.577E+03, 0.781E+04, 0.824E+03, 0.938E+03
1999,    16, 0.144E+00, 0.573E+02, 0.373E+03, 0.586E+03, 0.659E+04, 0.630E+03, 0.247E+03, 0.577E+03, 0.781E+04, 0.824E+03, 0.939E+03
2000,    16, 0.145E+00, 0.576E+02, 0.374E+03, 0.588E+03, 0.661E+04, 0.631E+03, 0.248E+03, 0.579E+03, 0.783E+04, 0.827E+03, 0.942E+03
1991,    26, 0.119E+02, 0.591E+04, 0.741E+04, 0.428E+04, 0.145E+05, 0.205E+04, 0.296E+03, 0.719E+03, 0.208E+05, 0.101E+04, 0.182E+05
1992,    26, 0.120E+02, 0.594E+04, 0.748E+04, 0.432E+04, 0.145E+05, 0.206E+04, 0.298E+03, 0.723E+03, 0.209E+05, 0.102E+04, 0.183E+05
1993,    26, 0.120E+02, 0.593E+04, 0.750E+04, 0.433E+04, 0.145E+05, 0.206E+04, 0.298E+03, 0.724E+03, 0.209E+05, 0.102E+04, 0.183E+05
1994,    26, 0.120E+02, 0.594E+04, 0.755E+04, 0.435E+04, 0.145E+05, 0.206E+04, 0.300E+03, 0.727E+03, 0.209E+05, 0.103E+04, 0.183E+05
1995,    26, 0.120E+02, 0.594E+04, 0.760E+04, 0.438E+04, 0.145E+05, 0.207E+04, 0.301E+03, 0.730E+03, 0.209E+05, 0.103E+04, 0.183E+05
1996,    26, 0.121E+02, 0.597E+04, 0.766E+04, 0.441E+04, 0.145E+05, 0.208E+04, 0.303E+03, 0.734E+03, 0.210E+05, 0.104E+04, 0.184E+05
1997,    26, 0.120E+02, 0.596E+04, 0.769E+04, 0.442E+04, 0.145E+05, 0.208E+04, 0.303E+03, 0.735E+03, 0.210E+05, 0.104E+04, 0.184E+05
1998,    26, 0.121E+02, 0.597E+04, 0.774E+04, 0.445E+04, 0.145E+05, 0.208E+04, 0.304E+03, 0.738E+03, 0.210E+05, 0.104E+04, 0.185E+05
1999,    26, 0.121E+02, 0.598E+04, 0.778E+04, 0.447E+04, 0.145E+05, 0.209E+04, 0.305E+03, 0.741E+03, 0.211E+05, 0.105E+04, 0.185E+05
2000,    26, 0.121E+02, 0.600E+04, 0.785E+04, 0.450E+04, 0.145E+05, 0.210E+04, 0.307E+03, 0.745E+03, 0.211E+05, 0.105E+04, 0.186E+05
1991,    30, 0.149E+01, 0.704E+03, 0.331E+04, 0.171E+04, 0.147E+04, 0.492E+03, 0.131E+03, 0.322E+03, 0.367E+04, 0.453E+03, 0.335E+04
1992,    30, 0.166E+01, 0.707E+03, 0.361E+04, 0.193E+04, 0.148E+04, 0.540E+03, 0.142E+03, 0.349E+03, 0.395E+04, 0.491E+03, 0.372E+04
1993,    30, 0.167E+01, 0.709E+03, 0.363E+04, 0.190E+04, 0.148E+04, 0.531E+03, 0.141E+03, 0.344E+03, 0.390E+04, 0.485E+03, 0.373E+04
1994,    30, 0.152E+01, 0.715E+03, 0.337E+04, 0.181E+04, 0.147E+04, 0.512E+03, 0.136E+03, 0.334E+03, 0.379E+04, 0.470E+03, 0.340E+04
1995,    30, 0.152E+01, 0.719E+03, 0.340E+04, 0.175E+04, 0.147E+04, 0.501E+03, 0.134E+03, 0.327E+03, 0.372E+04, 0.461E+03, 0.342E+04
1996,    30, 0.211E+01, 0.899E+03, 0.441E+04, 0.251E+04, 0.150E+04, 0.662E+03, 0.170E+03, 0.417E+03, 0.467E+04, 0.588E+03, 0.468E+04
1997,    30, 0.157E+01, 0.666E+03, 0.349E+04, 0.181E+04, 0.147E+04, 0.513E+03, 0.137E+03, 0.334E+03, 0.380E+04, 0.471E+03, 0.352E+04
1998,    30, 0.161E+01, 0.685E+03, 0.357E+04, 0.104E+04, 0.241E+04, 0.423E+03, 0.139E+03, 0.341E+03, 0.387E+04, 0.480E+03, 0.361E+04
1999,    30, 0.167E+01, 0.708E+03, 0.373E+04, 0.106E+04, 0.247E+04, 0.432E+03, 0.143E+03, 0.349E+03, 0.395E+04, 0.492E+03, 0.416E+04
2000,    30, 0.183E+01, 0.777E+03, 0.304E+04, 0.109E+04, 0.268E+04, 0.454E+03, 0.153E+03, 0.374E+03, 0.422E+04, 0.527E+03, 0.333E+04
1991,    66, 0.000E+00, 0.000E+00, 0.000E+00, 0.000E+00, 0.000E+00, 0.000E+00, 0.000E+00, 0.000E+00, 0.000E+00, 0.000E+00, 0.000E+00
1992,    66, 0.000E+00, 0.000E+00, 0.000E+00, 0.000E+00, 0.000E+00, 0.000E+00, 0.000E+00, 0.000E+00, 0.000E+00, 0.000E+00, 0.000E+00
1993,    66, 0.000E+00, 0.000E+00, 0.000E+00, 0.000E+00, 0.000E+00, 0.000E+00, 0.000E+00, 0.000E+00, 0.000E+00, 0.000E+00, 0.000E+00
1994,    66, 0.000E+00, 0.000E+00, 0.000E+00, 0.000E+00, 0.000E+00, 0.000E+00, 0.000E+00, 0.000E+00, 0.000E+00, 0.000E+00, 0.000E+00
1995,    66, 0.000E+00, 0.000E+00, 0.000E+00, 0.000E+00, 0.000E+00, 0.000E+00, 0.000E+00, 0.000E+00, 0.000E+00, 0.000E+00, 0.000E+00
1996,    66, 0.000E+00, 0.000E+00, 0.000E+00, 0.000E+00, 0.000E+00, 0.000E+00, 0.000E+00, 0.000E+00, 0.000E+00, 0.000E+00, 0.000E+00
1997,    66, 0.000E+00, 0.000E+00, 0.000E+00, 0.000E+00, 0.000E+00, 0.000E+00, 0.000E+00, 0.000E+00, 0.000E+00, 0.000E+00, 0.000E+00
1998,    66, 0.000E+00, 0.000E+00, 0.000E+00, 0.000E+00, 0.000E+00, 0.000E+00, 0.000E+00, 0.000E+00, 0.000E+00, 0.000E+00, 0.000E+00
1999,    66, 0.000E+00, 0.000E+00, 0.000E+00, 0.000E+00, 0.000E+00, 0.000E+00, 0.000E+00, 0.000E+00, 0.000E+00, 0.000E+00, 0.000E+00
2000,    66, 0.000E+00, 0.000E+00, 0.000E+00, 0.000E+00, 0.000E+00, 0.000E+00, 0.000E+00, 0.000E+00, 0.000E+00, 0.000E+00, 0.000E+00
1991,    24, 0.635E+00, 0.274E+03, 0.164E+04, 0.820E+03, 0.307E+02, 0.174E+03, 0.397E+02, 0.973E+02, 0.102E+04, 0.137E+03, 0.137E+04
1992,    24, 0.643E+00, 0.278E+03, 0.167E+04, 0.831E+03, 0.312E+02, 0.177E+03, 0.403E+02, 0.986E+02, 0.104E+04, 0.139E+03, 0.139E+04
1993,    24, 0.649E+00, 0.280E+03, 0.168E+04, 0.838E+03, 0.314E+02, 0.178E+03, 0.406E+02, 0.994E+02, 0.105E+04, 0.140E+03, 0.140E+04
1994,    24, 0.656E+00, 0.283E+03, 0.170E+04, 0.847E+03, 0.318E+02, 0.180E+03, 0.410E+02, 0.100E+03, 0.106E+04, 0.142E+03, 0.142E+04
1995,    24, 0.663E+00, 0.286E+03, 0.172E+04, 0.856E+03, 0.321E+02, 0.182E+03, 0.415E+02, 0.102E+03, 0.107E+04, 0.143E+03, 0.143E+04
1996,    24, 0.671E+00, 0.290E+03, 0.174E+04, 0.867E+03, 0.325E+02, 0.184E+03, 0.420E+02, 0.103E+03, 0.108E+04, 0.145E+03, 0.145E+04
1997,    24, 0.677E+00, 0.292E+03, 0.175E+04, 0.874E+03, 0.328E+02, 0.186E+03, 0.424E+02, 0.104E+03, 0.109E+04, 0.146E+03, 0.146E+04
1998,    24, 0.684E+00, 0.295E+03, 0.177E+04, 0.883E+03, 0.331E+02, 0.188E+03, 0.428E+02, 0.105E+03, 0.110E+04, 0.148E+03, 0.148E+04
1999,    24, 0.691E+00, 0.298E+03, 0.179E+04, 0.892E+03, 0.335E+02, 0.190E+03, 0.432E+02, 0.106E+03, 0.112E+04, 0.149E+03, 0.149E+04
2000,    24, 0.700E+00, 0.302E+03, 0.181E+04, 0.904E+03, 0.339E+02, 0.192E+03, 0.438E+02, 0.107E+03, 0.113E+04, 0.151E+03, 0.151E+04
1991,    10, 0.134E+04, 0.588E+06, 0.264E+06, 0.159E+06, 0.240E+05, 0.351E+05, 0.996E+04, 0.243E+05, 0.218E+06, 0.342E+05, 0.348E+07
1992,    10, 0.137E+04, 0.590E+06, 0.321E+06, 0.177E+06, 0.355E+05, 0.399E+05, 0.860E+04, 0.209E+05, 0.253E+06, 0.295E+05, 0.353E+07
1993,    10, 0.137E+04, 0.587E+06, 0.343E+06, 0.156E+06, 0.397E+05, 0.358E+05, 0.819E+04, 0.167E+05, 0.232E+06, 0.249E+05, 0.353E+07
1994,    10, 0.134E+04, 0.575E+06, 0.361E+06, 0.139E+06, 0.441E+05, 0.326E+05, 0.105E+05, 0.214E+05, 0.216E+06, 0.319E+05, 0.347E+07
1995,    10, 0.134E+04, 0.579E+06, 0.337E+06, 0.144E+06, 0.431E+05, 0.335E+05, 0.110E+05, 0.225E+05, 0.220E+06, 0.335E+05, 0.347E+07
1996,    10, 0.136E+04, 0.583E+06, 0.398E+06, 0.236E+06, 0.548E+05, 0.537E+05, 0.118E+05, 0.241E+05, 0.345E+06, 0.359E+05, 0.351E+07
1997,    10, 0.145E+04, 0.618E+06, 0.476E+06, 0.206E+06, 0.984E+05, 0.507E+05, 0.112E+05, 0.227E+05, 0.355E+06, 0.339E+05, 0.373E+07
1998,    10, 0.141E+04, 0.601E+06, 0.431E+06, 0.263E+05, 0.315E+06, 0.297E+05, 0.843E+04, 0.175E+05, 0.371E+06, 0.260E+05, 0.362E+07
1999,    10, 0.137E+04, 0.583E+06, 0.245E+06, 0.224E+05, 0.269E+06, 0.254E+05, 0.952E+04, 0.194E+05, 0.317E+06, 0.289E+05, 0.237E+07
2000,    10, 0.131E+04, 0.558E+06, 0.299E+06, 0.225E+05, 0.269E+06, 0.254E+05, 0.104E+05, 0.213E+05, 0.317E+06, 0.317E+05, 0.228E+07
1991,    19, 0.105E+04, 0.543E+06, 0.152E+07, 0.982E+06, 0.142E+06, 0.218E+06, 0.581E+05, 0.142E+06, 0.134E+07, 0.200E+06, 0.201E+07
1992,    19, 0.114E+04, 0.471E+06, 0.167E+07, 0.104E+07, 0.131E+06, 0.229E+06, 0.479E+05, 0.105E+06, 0.140E+07, 0.153E+06, 0.218E+07
1993,    19, 0.119E+04, 0.470E+06, 0.176E+07, 0.106E+07, 0.127E+06, 0.234E+06, 0.397E+05, 0.885E+05, 0.142E+07, 0.128E+06, 0.230E+07
1994,    19, 0.120E+04, 0.471E+06, 0.176E+07, 0.109E+07, 0.148E+06, 0.241E+06, 0.436E+05, 0.917E+05, 0.148E+07, 0.135E+06, 0.231E+07
1995,    19, 0.115E+04, 0.476E+06, 0.169E+07, 0.129E+07, 0.156E+06, 0.283E+06, 0.497E+05, 0.104E+06, 0.173E+07, 0.154E+06, 0.221E+07
1996,    19, 0.126E+04, 0.543E+06, 0.186E+07, 0.116E+07, 0.157E+06, 0.258E+06, 0.438E+05, 0.930E+05, 0.158E+07, 0.137E+06, 0.243E+07
1997,    19, 0.121E+04, 0.522E+06, 0.177E+07, 0.909E+06, 0.149E+06, 0.204E+06, 0.428E+05, 0.904E+05, 0.126E+07, 0.133E+06, 0.232E+07
1998,    19, 0.129E+04, 0.560E+06, 0.172E+07, 0.182E+06, 0.842E+06, 0.150E+06, 0.272E+05, 0.587E+05, 0.117E+07, 0.859E+05, 0.250E+07
1999,    19, 0.133E+04, 0.575E+06, 0.462E+06, 0.182E+06, 0.896E+06, 0.153E+06, 0.437E+05, 0.922E+05, 0.123E+07, 0.136E+06, 0.699E+06
2000,    19, 0.130E+04, 0.560E+06, 0.580E+06, 0.209E+06, 0.105E+07, 0.182E+06, 0.418E+05, 0.883E+05, 0.144E+07, 0.130E+06, 0.746E+06
1991,    11, 0.230E+03, 0.124E+06, 0.386E+06, 0.322E+06, 0.133E+05, 0.685E+05, 0.140E+05, 0.343E+05, 0.404E+06, 0.483E+05, 0.486E+06
1992,    11, 0.270E+03, 0.123E+06, 0.455E+06, 0.392E+06, 0.160E+05, 0.835E+05, 0.126E+05, 0.255E+05, 0.492E+06, 0.381E+05, 0.573E+06
1993,    11, 0.308E+03, 0.122E+06, 0.520E+06, 0.468E+06, 0.188E+05, 0.995E+05, 0.142E+05, 0.289E+05, 0.586E+06, 0.432E+05, 0.654E+06
1994,    11, 0.313E+03, 0.124E+06, 0.529E+06, 0.488E+06, 0.195E+05, 0.104E+06, 0.160E+05, 0.324E+05, 0.611E+06, 0.484E+05, 0.665E+06
1995,    11, 0.298E+03, 0.123E+06, 0.503E+06, 0.504E+06, 0.201E+05, 0.107E+06, 0.131E+05, 0.267E+05, 0.631E+06, 0.398E+05, 0.633E+06
1996,    11, 0.335E+03, 0.144E+06, 0.568E+06, 0.556E+06, 0.221E+05, 0.118E+06, 0.165E+05, 0.336E+05, 0.696E+06, 0.501E+05, 0.714E+06
1997,    11, 0.323E+03, 0.139E+06, 0.546E+06, 0.538E+06, 0.214E+05, 0.114E+06, 0.166E+05, 0.337E+05, 0.673E+06, 0.504E+05, 0.686E+06
1998,    11, 0.333E+03, 0.143E+06, 0.566E+06, 0.446E+05, 0.515E+06, 0.489E+05, 0.149E+05, 0.305E+05, 0.608E+06, 0.455E+05, 0.705E+06
1999,    11, 0.336E+03, 0.145E+06, 0.317E+06, 0.461E+05, 0.521E+06, 0.497E+05, 0.165E+05, 0.338E+05, 0.616E+06, 0.503E+05, 0.454E+06
2000,    11, 0.318E+03, 0.137E+06, 0.321E+06, 0.483E+05, 0.547E+06, 0.522E+05, 0.144E+05, 0.296E+05, 0.648E+06, 0.440E+05, 0.444E+06
1991,     0, 0.217E+01, 0.845E+03, 0.237E+04, 0.905E+02, 0.110E+04, 0.103E+03, 0.517E+02, 0.121E+03, 0.129E+04, 0.172E+03, 0.475E+00
1992,     0, 0.218E+01, 0.847E+03, 0.238E+04, 0.907E+02, 0.110E+04, 0.104E+03, 0.518E+02, 0.121E+03, 0.130E+04, 0.173E+03, 0.476E+00
1993,     0, 0.217E+01, 0.845E+03, 0.237E+04, 0.905E+02, 0.110E+04, 0.103E+03, 0.517E+02, 0.121E+03, 0.129E+04, 0.172E+03, 0.475E+00
1994,     0, 0.217E+01, 0.845E+03, 0.237E+04, 0.905E+02, 0.110E+04, 0.103E+03, 0.517E+02, 0.121E+03, 0.129E+04, 0.172E+03, 0.475E+00
1995,     0, 0.217E+01, 0.845E+03, 0.237E+04, 0.905E+02, 0.110E+04, 0.103E+03, 0.517E+02, 0.121E+03, 0.129E+04, 0.172E+03, 0.475E+00
1996,     0, 0.218E+01, 0.847E+03, 0.238E+04, 0.907E+02, 0.110E+04, 0.104E+03, 0.518E+02, 0.121E+03, 0.130E+04, 0.173E+03, 0.476E+00
1997,     0, 0.217E+01, 0.845E+03, 0.237E+04, 0.905E+02, 0.110E+04, 0.103E+03, 0.517E+02, 0.121E+03, 0.129E+04, 0.172E+03, 0.475E+00
1998,     0, 0.217E+01, 0.845E+03, 0.237E+04, 0.905E+02, 0.110E+04, 0.103E+03, 0.517E+02, 0.121E+03, 0.129E+04, 0.172E+03, 0.475E+00
1999,     0, 0.217E+01, 0.845E+03, 0.237E+04, 0.905E+02, 0.110E+04, 0.103E+03, 0.517E+02, 0.121E+03, 0.129E+04, 0.172E+03, 0.475E+00
2000,     0, 0.218E+01, 0.847E+03, 0.238E+04, 0.907E+02, 0.110E+04, 0.104E+03, 0.518E+02, 0.121E+03, 0.130E+04, 0.173E+03, 0.476E+00
1991,    62, 0.000E+00, 0.000E+00, 0.000E+00, 0.000E+00, 0.000E+00, 0.000E+00, 0.000E+00, 0.000E+00, 0.000E+00, 0.000E+00, 0.000E+00
1992,    62, 0.000E+00, 0.000E+00, 0.000E+00, 0.000E+00, 0.000E+00, 0.000E+00, 0.000E+00, 0.000E+00, 0.000E+00, 0.000E+00, 0.000E+00
1993,    62, 0.000E+00, 0.000E+00, 0.000E+00, 0.000E+00, 0.000E+00, 0.000E+00, 0.000E+00, 0.000E+00, 0.000E+00, 0.000E+00, 0.000E+00
1994,    62, 0.000E+00, 0.000E+00, 0.000E+00, 0.000E+00, 0.000E+00, 0.000E+00, 0.000E+00, 0.000E+00, 0.000E+00, 0.000E+00, 0.000E+00
1995,    62, 0.000E+00, 0.000E+00, 0.000E+00, 0.000E+00, 0.000E+00, 0.000E+00, 0.000E+00, 0.000E+00, 0.000E+00, 0.000E+00, 0.000E+00
1996,    62, 0.000E+00, 0.000E+00, 0.000E+00, 0.000E+00, 0.000E+00, 0.000E+00, 0.000E+00, 0.000E+00, 0.000E+00, 0.000E+00, 0.000E+00
1997,    62, 0.000E+00, 0.000E+00, 0.000E+00, 0.000E+00, 0.000E+00, 0.000E+00, 0.000E+00, 0.000E+00, 0.000E+00, 0.000E+00, 0.000E+00
1998,    62, 0.000E+00, 0.000E+00, 0.000E+00, 0.000E+00, 0.000E+00, 0.000E+00, 0.000E+00, 0.000E+00, 0.000E+00, 0.000E+00, 0.000E+00
1999,    62, 0.000E+00, 0.000E+00, 0.000E+00, 0.000E+00, 0.000E+00, 0.000E+00, 0.000E+00, 0.000E+00, 0.000E+00, 0.000E+00, 0.000E+00
2000,    62, 0.000E+00, 0.000E+00, 0.000E+00, 0.000E+00, 0.000E+00, 0.000E+00, 0.000E+00, 0.000E+00, 0.000E+00, 0.000E+00, 0.000E+00
